"Module","OldFile","NewFile","OldSP","NewSP","References"
"Volvo","sp_volvo_shipment_update.sql","sp_Volvo_Shipment_Update.sql","sp_Volvo_Shipment_Update","sp_Volvo_Shipment_Update","13"
"Volvo","sp_volvo_shipment_insert.sql","sp_Volvo_Shipment_Insert.sql","sp_Volvo_Shipment_Insert","sp_Volvo_Shipment_Insert","10"
"Volvo","sp_volvo_shipment_complete.sql","sp_Volvo_Shipment_Complete.sql","sp_Volvo_Shipment_Complete","sp_Volvo_Shipment_Complete","8"
"Volvo","sp_volvo_shipment_delete.sql","sp_Volvo_Shipment_Delete.sql","sp_Volvo_Shipment_Delete","sp_Volvo_Shipment_Delete","8"
"Dunnage","sp_dunnage_types_update.sql","sp_Dunnage_Types_Update.sql","sp_Dunnage_Types_Update","sp_Dunnage_Types_Update","14"
"Dunnage","sp_dunnage_loads_update.sql","sp_Dunnage_Loads_Update.sql","sp_Dunnage_Loads_Update","sp_Dunnage_Loads_Update","9"
"Dunnage","sp_dunnage_loads_delete.sql","sp_Dunnage_Loads_Delete.sql","sp_Dunnage_Loads_Delete","sp_Dunnage_Loads_Delete","9"
"Dunnage","sp_dunnage_line_Insert.sql","sp_Dunnage_Line_Insert.sql","sp_sp_Dunnage_Line_Insert","sp_Dunnage_Line_Insert","1"
"Dunnage","sp_dunnage_loads_insert.sql","sp_Dunnage_Loads_Insert.sql","sp_Dunnage_Loads_Insert","sp_Dunnage_Loads_Insert","13"
"Dunnage","sp_dunnage_types_insert.sql","sp_Dunnage_Types_Insert.sql","sp_Dunnage_Types_Insert","sp_Dunnage_Types_Insert","15"
"Dunnage","sp_dunnage_parts_search.sql","sp_Dunnage_Parts_Search.sql","sp_Dunnage_Parts_Search","sp_Dunnage_Parts_Search","9"
"Dunnage","sp_dunnage_specs_insert.sql","sp_Dunnage_Specs_Insert.sql","sp_Dunnage_Specs_Insert","sp_Dunnage_Specs_Insert","10"
"Dunnage","sp_dunnage_specs_update.sql","sp_Dunnage_Specs_Update.sql","sp_Dunnage_Specs_Update","sp_Dunnage_Specs_Update","9"
"Dunnage","sp_dunnage_parts_update.sql","sp_Dunnage_Parts_Update.sql","sp_Dunnage_Parts_Update","sp_Dunnage_Parts_Update","9"
"Dunnage","sp_dunnage_parts_insert.sql","sp_Dunnage_Parts_Insert.sql","sp_Dunnage_Parts_Insert","sp_Dunnage_Parts_Insert","10"
"Dunnage","sp_dunnage_parts_delete.sql","sp_Dunnage_Parts_Delete.sql","sp_Dunnage_Parts_Delete","sp_Dunnage_Parts_Delete","9"
