ACCOUNT,REVALUE,DF__ACCOUNT__REVALUE__7F3866D5,NULL
ACCOUNT,STATUS_EFF_DATE,DF__ACCOUNT__STATUS___002C8B0E,NULL
ACCOUNT,SUMMARY_ACCOUNT,DF__ACCOUNT__SUMMARY__7E44429C,NULL
ACCOUNT_AT_NATIVE,CREDIT_AMOUNT,DF__ACCOUNT_A__CREDI__0214D380,NULL
ACCOUNT_AT_NATIVE,DEBIT_AMOUNT,DF__ACCOUNT_A__DEBIT__0120AF47,NULL
ACCOUNT_BAL_DIM,CREDIT_AMOUNT,DF__ACCOUNT_B__CREDI__08C1D10F,NULL
ACCOUNT_BAL_DIM,CURRENCY_ID,DF__ACCOUNT_B__CURRE__0308F7B9,NULL
ACCOUNT_BAL_DIM,CUST_ORDER_ID,DF__ACCOUNT_B__CUST___05E56464,NULL
ACCOUNT_BAL_DIM,DEBIT_AMOUNT,DF__ACCOUNT_B__DEBIT__07CDACD6,NULL
ACCOUNT_BAL_DIM,FLAG,DF__ACCOUNT_BA__FLAG__09B5F548,NULL
ACCOUNT_BAL_DIM,PRODUCT_CODE,DF__ACCOUNT_B__PRODU__06D9889D,NULL
ACCOUNT_BAL_DIM,USER_DIMENSION_1,DF__ACCOUNT_B__USER___03FD1BF2,NULL
ACCOUNT_BAL_DIM,USER_DIMENSION_2,DF__ACCOUNT_B__USER___04F1402B,NULL
ACCOUNT_BAL_SUM,CURRENCY_ID,DF__ACCOUNT_B__CURRE__133F5F82,NULL
ACCOUNT_BAL_SUM,FLAG,DF__ACCOUNT_BA__FLAG__124B3B49,NULL
ACCOUNT_BAL_SUM,N_CREDIT_AMOUNT,DF__ACCOUNT_B__N_CRE__0F6ECE9E,NULL
ACCOUNT_BAL_SUM,N_CREDIT_BUDGET,DF__ACCOUNT_B__N_CRE__11571710,NULL
ACCOUNT_BAL_SUM,N_DEBIT_AMOUNT,DF__ACCOUNT_B__N_DEB__0E7AAA65,NULL
ACCOUNT_BAL_SUM,N_DEBIT_BUDGET,DF__ACCOUNT_B__N_DEB__1062F2D7,NULL
ACCOUNT_BAL_SUM,O_CREDIT_AMOUNT,DF__ACCOUNT_B__O_CRE__0B9E3DBA,NULL
ACCOUNT_BAL_SUM,O_CREDIT_BUDGET,DF__ACCOUNT_B__O_CRE__0D86862C,NULL
ACCOUNT_BAL_SUM,O_DEBIT_AMOUNT,DF__ACCOUNT_B__O_DEB__0AAA1981,NULL
ACCOUNT_BAL_SUM,O_DEBIT_BUDGET,DF__ACCOUNT_B__O_DEB__0C9261F3,NULL
ACCOUNT_BALANCE,CREDIT_AMOUNT,DF__ACCOUNT_B__CREDI__1527A7F4,NULL
ACCOUNT_BALANCE,CREDIT_BUDGET,DF__ACCOUNT_B__CREDI__170FF066,NULL
ACCOUNT_BALANCE,CURRENCY_ID,DF__ACCOUNT_B__CURRE__18F838D8,NULL
ACCOUNT_BALANCE,DEBIT_AMOUNT,DF__ACCOUNT_B__DEBIT__143383BB,NULL
ACCOUNT_BALANCE,DEBIT_BUDGET,DF__ACCOUNT_B__DEBIT__161BCC2D,NULL
ACCOUNT_BALANCE,FLAG,DF__ACCOUNT_BA__FLAG__1804149F,NULL
ACCOUNT_BUDGET,budget_cr_amount,DF__ACCOUNT_B__budge__1AE0814A,NULL
ACCOUNT_BUDGET,budget_dr_amount,DF__ACCOUNT_B__budge__19EC5D11,NULL
ACCOUNT_BUDGET,FLAG,DF__ACCOUNT_BU__FLAG__1BD4A583,NULL
ACCOUNT_BUDGET_SUM,CURRENCY_ID,DF__ACCOUNT_B__CURRE__1CC8C9BC,NULL
ACCOUNT_BUDGET_SUM,FLAG,DF__ACCOUNT_BU__FLAG__218D7ED9,NULL
ACCOUNT_BUDGET_SUM,N_BUDGET_CR_AMOUNT,DF__ACCOUNT_B__N_BUD__20995AA0,NULL
ACCOUNT_BUDGET_SUM,N_BUDGET_DR_AMOUNT,DF__ACCOUNT_B__N_BUD__1FA53667,NULL
ACCOUNT_BUDGET_SUM,O_BUDGET_CR_AMOUNT,DF__ACCOUNT_B__O_BUD__1EB1122E,NULL
ACCOUNT_BUDGET_SUM,O_BUDGET_DR_AMOUNT,DF__ACCOUNT_B__O_BUD__1DBCEDF5,NULL
ACCOUNT_CHG_LOG,CREATE_DATE,DF__ACCOUNT_C__CREAT__2281A312,NULL
ACCOUNT_GROUP,ADD_ASSET_EXPENSE,DF__ACCOUNT_G__ADD_A__0D7242EA,NULL
ACCOUNT_PERIOD,STATUS_EFF_DATE,DF__ACCOUNT_P__STATU__2375C74B,NULL
ACCOUNTING_ENTITY,BACKORD_FILL_RATE,DF__ACCOUNTIN__BACKO__6C465949,NULL
ACCOUNTING_ENTITY,BURDEN_SOURCE,DF__ACCOUNTIN__BURDE__2B16E913,NULL
ACCOUNTING_ENTITY,CASH_MAX_VAR,DF__ACCOUNTIN__CASH___6D3A7D82,NULL
ACCOUNTING_ENTITY,CASH_MIN_VAR,DF__ACCOUNTIN__CASH___6E2EA1BB,NULL
ACCOUNTING_ENTITY,COMM_PAYMENT_METH,DF__ACCOUNTIN__COMM___6F22C5F4,NULL
ACCOUNTING_ENTITY,COMMISSION_SUPPORT,DF__ACCOUNTIN__COMMI__34A0534D,NULL
ACCOUNTING_ENTITY,COSTING_INTERLEVEL,DF__ACCOUNTIN__COSTI__265233F6,NULL
ACCOUNTING_ENTITY,COSTING_METHOD,DF__ACCOUNTIN__COSTI__2746582F,NULL
ACCOUNTING_ENTITY,COSTING_SOURCE,DF__ACCOUNTIN__COSTI__283A7C68,NULL
ACCOUNTING_ENTITY,COSTING_STD_LABOR,DF__ACCOUNTIN__COSTI__292EA0A1,NULL
ACCOUNTING_ENTITY,COSTING_WIP_METHOD,DF__ACCOUNTIN__COSTI__2A22C4DA,NULL
ACCOUNTING_ENTITY,DDP_ENABLED,DF__ACCOUNTIN__DDP_E__7016EA2D,NULL
ACCOUNTING_ENTITY,DEF_LANGUAGE_ID,DF__ACCOUNTIN__DEF_L__710B0E66,NULL
ACCOUNTING_ENTITY,FIFO_BY_LOCATION,DF__ACCOUNTIN__FIFO___2C0B0D4C,NULL
ACCOUNTING_ENTITY,FIN_BATCH_SINGLE_TRANS,DF__ACCOUNTIN__FIN_B__31AFA360,NULL
ACCOUNTING_ENTITY,INTRA_FILE_PLACES,DF__ACCOUNTIN__INTRA__71FF329F,NULL
ACCOUNTING_ENTITY,INTRASTAT_ENABLED,DF__ACCOUNTIN__INTRA__30CFC269,NULL
ACCOUNTING_ENTITY,NEXT_ESL_SEQ,DF__ACCOUNTIN__NEXT___72F356D8,NULL
ACCOUNTING_ENTITY,NEXT_INTRASTAT_SEQ,DF__ACCOUNTIN__NEXT___31C3E6A2,NULL
ACCOUNTING_ENTITY,NEXT_PAY_BATCH_SEQ,DF__ACCOUNTIN__NEXT___32B80ADB,NULL
ACCOUNTING_ENTITY,NEXT_VAT_SEQ,DF__ACCOUNTIN__NEXT___2EE779F7,NULL
ACCOUNTING_ENTITY,NEXT_WITHHOLD_SEQ,DF__ACCOUNTIN__NEXT___73E77B11,NULL
ACCOUNTING_ENTITY,PAY_FILE_PLACES,DF__ACCOUNTIN__PAY_F__74DB9F4A,NULL
ACCOUNTING_ENTITY,REQ_CMNT_PWD_REQ,DF__ACCOUNTIN__REQ_C__75CFC383,NULL
ACCOUNTING_ENTITY,REQ_GEN_ALL_TASKS,DF__ACCOUNTIN__REQ_G__76C3E7BC,NULL
ACCOUNTING_ENTITY,STATUS,DF__ACCOUNTIN__STATU__77B80BF5,NULL
ACCOUNTING_ENTITY,VAT_BOOK_NUM_GEN,DF__ACCOUNTIN__VAT_B__2FDB9E30,NULL
ACCOUNTING_ENTITY,VAT_DISCOUNTED,DF__ACCOUNTIN__VAT_D__2DF355BE,NULL
ACCOUNTING_ENTITY,VAT_ENABLED,DF__ACCOUNTIN__VAT_E__2CFF3185,NULL
ACCOUNTING_ENTITY,WIPVAS_ENABLED,DF__ACCOUNTIN__WIPVA__78AC302E,NULL
ACCOUNTING_ENTITY,WITHHOLD_ENABLED,DF__ACCOUNTIN__WITHH__33AC2F14,NULL
ACCOUNTING_ENTITY,XCHG_RATE_DATE,DF__ACCOUNTIN__XCHG___2469EB84,NULL
ACCOUNTING_ENTITY,XCHG_RATE_DEF_RCPT,DF__ACCOUNTIN__XCHG___255E0FBD,NULL
ACCT_BAL_DIM_BATCH,CREATE_DATE,DF__ACCT_BAL___CREAT__40A7CE2D,NULL
ACCT_BAL_DIM_BATCH,FAILED_ATTEMPTS,DF__ACCT_BAL___FAILE__3FB3A9F4,NULL
ADJ_REASON_SYNC,CREATE_DATE,DF__ADJ_REASO__CREAT__35947786,NULL
ADJ_REASON_SYNC,SUBSCRIPTIONS,DF__ADJ_REASO__SUBSC__36889BBF,NULL
ADJUSTMENT_DETAIL,CURRENCY_ID,DF__ADJUSTMEN__CURRE__377CBFF8,NULL
ADJUSTMENT_DIST,CREATE_DATE,DF__ADJUSTMEN__CREAT__3870E431,NULL
ADJUSTMENT_DIST,CURRENCY_ID,DF__ADJUSTMEN__CURRE__3965086A,NULL
AIC_SYNC,CREATE_DATE,DF__AIC_SYNC__CREATE__3A592CA3,NULL
AIC_SYNC,SUBSCRIPTIONS,DF__AIC_SYNC__SUBSCR__3B4D50DC,NULL
ALLOCATION,POST_ALL_TRACKING,DF__ALLOCATIO__POST___3D35994E,NULL
ALLOCATION,POST_AS_NATIVE,DF__ALLOCATIO__POST___3E29BD87,NULL
ALLOCATION,TRIGGER_FREQ,DF__ALLOCATIO__TRIGG__3C417515,NULL
AMTS_PENDING_TRANS,CREATE_DATE,DF__AMTS_PEND__CREAT__41062A32,NULL
AMTS_PENDING_TRANS,QTY,DF__AMTS_PENDIN__QTY__3F1DE1C0,NULL
AMTS_PENDING_TRANS,QTY_REMAINDER,DF__AMTS_PEND__QTY_R__401205F9,NULL
APP_CONFIG,LOCKED,DF__APP_CONFI__LOCKE__09D6BC30,NULL
APP_CONFIG,SHARED,DF__APP_CONFI__SHARE__0ACAE069,NULL
APP_CONFIG_ITEM,ITEM_FOCUS,DF__APP_CONFI__ITEM___0DA74D14,NULL
APPLICATION_GLOBAL,ALLOW_EMAIL_DOC,DF__APPLICATI__ALLOW__46BF0388,NULL
APPLICATION_GLOBAL,FILTER_AVAIL_TRACE,DF__APPLICATI__FILTE__45CADF4F,NULL
APPLICATION_GLOBAL,MAXIMUM_USERS,DF__APPLICATI__MAXIM__6B523510,NULL
APPLICATION_GLOBAL,MFG_INTERFACE_USED,DF__APPLICATI__MFG_I__41FA4E6B,NULL
APPLICATION_GLOBAL,MOBILE_SESSION_TIMELIMIT,DF__APPLICATI__MOBIL__35803444,NULL
APPLICATION_GLOBAL,PLM_ENABLED,DF__APPLICATI__PLM_E__0062608F,NULL
APPLICATION_GLOBAL,PURC_QUOTE_TYPE,DF__APPLICATI__PURC___43E296DD,NULL
APPLICATION_GLOBAL,STORE_MACROS_IN_DB,DF__APPLICATI__STORE__024AA901,NULL
APPLICATION_GLOBAL,VALIDATE_LOOKUPS,DF__APPLICATI__VALID__44D6BB16,NULL
APPLICATION_USER,IS_CRM_USER,DF__APPLICATI__IS_CR__7F6E3C56,NULL
APPLICATION_USER,IS_MOBILE_LABOR_USER,DF__APPLICATI__IS_MO__3674587D,NULL
APPLICATION_USER,IS_MOBILE_MATERIAL_USER,DF__APPLICATI__IS_MO__37687CB6,NULL
APPLICATION_USER,IS_VISUAL_USER,DF__APPLICATI__IS_VI__7E7A181D,NULL
APS_LAYOUT,CREATE_DATE,DF__APS_LAYOU__CREAT__47B327C1,NULL
BANK_ACCOUNT,CURRENCY_ID,DF__BANK_ACCO__CURRE__48A74BFA,NULL
BANK_ADJ_CURR,AMOUNT,DF__BANK_ADJ___AMOUN__499B7033,NULL
BANK_ADJ_CURR,BUY_RATE,DF__BANK_ADJ___BUY_R__4B83B8A5,NULL
BANK_ADJ_CURR,SELL_RATE,DF__BANK_ADJ___SELL___4A8F946C,NULL
BANK_ADJ_DIST,CREATE_DATE,DF__BANK_ADJ___CREAT__4C77DCDE,NULL
BANK_ADJ_DIST,CURRENCY_ID,DF__BANK_ADJ___CURRE__4D6C0117,NULL
BANK_ADJUSTMENT,CREATE_DATE,DF__BANK_ADJU__CREAT__4E602550,NULL
BANK_DEPOSIT,AMOUNT,DF__BANK_DEPO__AMOUN__4F544989,NULL
BANK_DEPOSIT,CLEARED,DF__BANK_DEPO__CLEAR__50486DC2,NULL
BANK_STATEMENT,ENDING_BALANCE,DF__BANK_STAT__ENDIN__5230B634,NULL
BANK_STATEMENT,STARTING_BALANCE,DF__BANK_STAT__START__513C91FB,NULL
BOL,ASSIGN_ASN,DF__BOL__ASSIGN_ASN__5324DA6D,NULL
BOL,COD_FLAG,DF__BOL__COD_FLAG__550D22DF,NULL
BOL,CREATE_DATE,DF__BOL__CREATE_DATE__56014718,NULL
BOL,FREIGHT_TERMS,DF__BOL__FREIGHT_TER__5418FEA6,NULL
BUFFER,CREATE_DATE,DF__BUFFER__CREATE_D__56F56B51,NULL
BUFFER,MODIFIED_DATE,DF__BUFFER__MODIFIED__57E98F8A,NULL
BUFFER_STATUS,STATUS_DATE,DF__BUFFER_ST__STATU__58DDB3C3,NULL
BURD_DIST_DETAIL,CURRENCY_ID,DF__BURD_DIST__CURRE__5CAE44A7,NULL
BURD_DIST_DETAIL,IS_RETRO,DF__BURD_DIST__IS_RE__5DA268E0,NULL
BURD_DIST_DETAIL,SOURCE_ID,DF__BURD_DIST__SOURC__5AC5FC35,NULL
BURD_DIST_DETAIL,SOURCE_LINE_NO,DF__BURD_DIST__SOURC__5BBA206E,NULL
BURD_DIST_DETAIL,SOURCE_TRANS_ID,DF__BURD_DIST__SOURC__59D1D7FC,NULL
BURDEN_DIST,CREATE_DATE,DF__BURDEN_DI__CREAT__6172F9C4,NULL
BURDEN_DIST,CURRENCY_ID,DF__BURDEN_DI__CURRE__5E968D19,NULL
BURDEN_DIST,IS_PROJECT,DF__BURDEN_DI__IS_PR__607ED58B,NULL
BURDEN_DIST,IS_RETRO,DF__BURDEN_DI__IS_RE__5F8AB152,NULL
BURDEN_TRANS,IS_RETRO,DF__BURDEN_TR__IS_RE__62671DFD,NULL
CARRIER_SYNC,CREATE_DATE,DF__CARRIER_S__CREAT__635B4236,NULL
CARRIER_SYNC,SUBSCRIPTIONS,DF__CARRIER_S__SUBSC__644F666F,NULL
CARTON,CREATE_DATE,DF__CARTON__CREATE_D__65438AA8,NULL
CASH_BOOK_SUMMARY,ACCT_BALANCE,DF__CASH_BOOK__ACCT___672BD31A,NULL
CASH_BOOK_SUMMARY,CLEARED_BALANCE,DF__CASH_BOOK__CLEAR__6637AEE1,NULL
CASH_DISBURSE_CURR,AMOUNT,DF__CASH_DISB__AMOUN__681FF753,NULL
CASH_DISBURSE_CURR,BUY_RATE,DF__CASH_DISB__BUY_R__6A083FC5,NULL
CASH_DISBURSE_CURR,SELL_RATE,DF__CASH_DISB__SELL___69141B8C,NULL
CASH_DISBURSE_DIST,AMOUNT_TYPE,DF__CASH_DISB__AMOUN__6AFC63FE,NULL
CASH_DISBURSE_DIST,CREATE_DATE,DF__CASH_DISB__CREAT__6CE4AC70,NULL
CASH_DISBURSE_DIST,CURRENCY_ID,DF__CASH_DISB__CURRE__6DD8D0A9,NULL
CASH_DISBURSE_DIST,POSTING_STATUS,DF__CASH_DISB__POSTI__6BF08837,NULL
CASH_DISBURSE_LINE,WH_ALLOWED_AMOUNT,DF__CASH_DISB__WH_AL__6FC1191B,NULL
CASH_DISBURSE_LINE,WITHHELD_AMOUNT,DF__CASH_DISB__WITHH__6ECCF4E2,NULL
CASH_DISBURSEMENT,CLEARED,DF__CASH_DISB__CLEAR__729D85C6,NULL
CASH_DISBURSEMENT,CREATE_DATE,DF__CASH_DISB__CREAT__70B53D54,NULL
CASH_DISBURSEMENT,CURRENCY_ID,DF__CASH_DISB__CURRE__7579F271,NULL
CASH_DISBURSEMENT,MARKED_FOR_PURGE,DF__CASH_DISB__MARKE__7391A9FF,NULL
CASH_DISBURSEMENT,PAYMENT_METHOD,DF__CASH_DISB__PAYME__7485CE38,NULL
CASH_DISBURSEMENT,STATUS,DF__CASH_DISB__STATU__71A9618D,NULL
CASH_DISBURSEMENT,USER_EXCH_RATE,DF__CASH_DISB__USER___766E16AA,NULL
CASH_PLAN,BEGINNING_BALANCE,DF__CASH_PLAN__BEGIN__77623AE3,NULL
CASH_PLAN,CREATE_DATE,DF__CASH_PLAN__CREAT__78565F1C,NULL
CASH_RECEIPT,CREATE_DATE,DF__CASH_RECE__CREAT__794A8355,NULL
CASH_RECEIPT,MARKED_FOR_PURGE,DF__CASH_RECE__MARKE__7B32CBC7,NULL
CASH_RECEIPT,PAYMENT_METHOD,DF__CASH_RECE__PAYME__7C26F000,NULL
CASH_RECEIPT,STATUS,DF__CASH_RECE__STATU__7A3EA78E,NULL
CASH_RECEIPT_CURR,AMOUNT,DF__CASH_RECE__AMOUN__7D1B1439,NULL
CASH_RECEIPT_CURR,BUY_RATE,DF__CASH_RECE__BUY_R__7F035CAB,NULL
CASH_RECEIPT_CURR,SELL_RATE,DF__CASH_RECE__SELL___7E0F3872,NULL
CASH_RECEIPT_DIST,CREATE_DATE,DF__CASH_RECE__CREAT__00EBA51D,NULL
CASH_RECEIPT_DIST,CURRENCY_ID,DF__CASH_RECE__CURRE__01DFC956,NULL
CASH_RECEIPT_DIST,POSTING_STATUS,DF__CASH_RECE__POSTI__7FF780E4,NULL
CO_PRODUCT,ALLOCATED_QTY,DF__CO_PRODUC__ALLOC__04BC3601,NULL
CO_PRODUCT,FULFILLED_QTY,DF__CO_PRODUC__FULFI__05B05A3A,NULL
CO_PRODUCT,LINE_STATUS,DF__CO_PRODUC__LINE___03C811C8,NULL
CO_PRODUCT,RECEIVED_QTY,DF__CO_PRODUC__RECEI__02D3ED8F,NULL
CO_PRODUCT,STATUS_EFF_DATE,DF__CO_PRODUC__STATU__06A47E73,NULL
COMMODITY_SYNC,CREATE_DATE,DF__COMMODITY__CREAT__0798A2AC,NULL
COMMODITY_SYNC,SUBSCRIPTIONS,DF__COMMODITY__SUBSC__088CC6E5,NULL
CONSIGN_RECEIVER,CREATE_DATE,DF__CONSIGN_R__CREAT__0980EB1E,NULL
CONSOLIDATION,CREATE_DATE,DF__CONSOLIDA__CREAT__0A750F57,NULL
CONSOLIDATION_LOG,CREATE_DATE,DF__CONSOLIDA__CREAT__0B693390,NULL
CONTACT,GENDER_CODE,DF__CONTACT__GENDER___0C5D57C9,NULL
CONTACT,MARITAL_STATUS,DF__CONTACT__MARITAL__0D517C02,NULL
CONTACT,NO_CALL_MOBILE,DF__CONTACT__NO_CALL__0F39C474,NULL
CONTACT,NO_CALL_PHONE,DF__CONTACT__NO_CALL__0E45A03B,NULL
CONTACT,NO_EMAIL,DF__CONTACT__NO_EMAI__102DE8AD,NULL
COR_INBOX_ENTRY,C_MESSAGE_PRIORITY,DF__COR_INBOX__C_MES__11220CE6,NULL
COR_INBOX_ENTRY,C_WAS_PROCESSED,DF__COR_INBOX__C_WAS__1216311F,NULL
COR_OUTBOX_ENTRY,C_MESSAGE_PRIORITY,DF__COR_OUTBO__C_MES__130A5558,NULL
COR_OUTBOX_ENTRY,C_WAS_PROCESSED,DF__COR_OUTBO__C_WAS__13FE7991,NULL
COUNTRY,esl_country,DF__COUNTRY__esl_cou__15E6C203,NULL
COUNTRY,INTRASTAT_REQD,DF__COUNTRY__INTRAST__14F29DCA,NULL
CURRENCY,EURO_PARTICIPANT,DF__CURRENCY__EURO_P__16DAE63C,NULL
CUST_ADDRESS,ACTIVE_FLAG,DF__CUST_ADDR__ACTIV__456C834A,NULL
CUST_ADDRESS,ORDER_FILL_RATE,DF__CUST_ADDR__ORDER__18C32EAE,NULL
CUST_ADDRESS,TAX_EXEMPT,DF__CUST_ADDR__TAX_E__17CF0A75,NULL
CUST_BOOK_DEL,ALLOCATED_QTY,DF__CUST_BOOK__ALLOC__19B752E7,NULL
CUST_BOOK_DEL,FULFILLED_QTY,DF__CUST_BOOK__FULFI__1AAB7720,NULL
CUST_BOOK_LINE,CREATE_DATE,DF__CUST_BOOK__CREAT__1B9F9B59,NULL
CUST_CONTACT,PRIMARY_CONTACT,DF__CUST_CONT__PRIMA__1C93BF92,NULL
CUST_LINE_BILLING,CREATE_DATE,DF__CUST_LINE__CREAT__1D87E3CB,NULL
CUST_LINE_DEL,ALLOCATED_QTY,DF__CUST_LINE__ALLOC__224C98E8,NULL
CUST_LINE_DEL,FULFILLED_QTY,DF__CUST_LINE__FULFI__2340BD21,NULL
CUST_LINE_DEL,LINE_STATUS,DF__CUST_LINE__LINE___2434E15A,NULL
CUST_LINE_DEL,ORDER_QTY,DF__CUST_LINE__ORDER__1F702C3D,NULL
CUST_LINE_DEL,SHIPPED_QTY,DF__CUST_LINE__SHIPP__215874AF,NULL
CUST_LINE_DEL,STATUS_EFF_DATE,DF__CUST_LINE__STATU__25290593,NULL
CUST_LINE_DEL,USER_ORDER_QTY,DF__CUST_LINE__USER___1E7C0804,NULL
CUST_LINE_DEL,USER_SHIPPED_QTY,DF__CUST_LINE__USER___20645076,NULL
CUST_ORD_TYPE_SYNC,CREATE_DATE,DF__CUST_ORD___CREAT__261D29CC,NULL
CUST_ORD_TYPE_SYNC,SUBSCRIPTIONS,DF__CUST_ORD___SUBSC__27114E05,NULL
CUST_ORDER_ALLOC,ALLOCATED_QTY,DF__CUST_ORDE__ALLOC__515D58E3,NULL
CUST_ORDER_ALLOC,DAYS_LATE,DF__CUST_ORDE__DAYS___5345A155,NULL
CUST_ORDER_ALLOC,DESIRED_QTY,DF__CUST_ORDE__DESIR__4C98A3C6,NULL
CUST_ORDER_ALLOC,LOT_ID,DF__CUST_ORDE__LOT_I__48C812E2,NULL
CUST_ORDER_ALLOC,MATERIAL_COST,DF__CUST_ORDE__MATER__4F751071,NULL
CUST_ORDER_ALLOC,OPP_LOST,DF__CUST_ORDE__OPP_L__5439C58E,NULL
CUST_ORDER_ALLOC,ORDER_DEL_NO,DF__CUST_ORDE__ORDER__45EBA637,NULL
CUST_ORDER_ALLOC,ORDER_QTY,DF__CUST_ORDE__ORDER__46DFCA70,NULL
CUST_ORDER_ALLOC,PURC_DEL_NO,DF__CUST_ORDE__PURC___4BA47F8D,NULL
CUST_ORDER_ALLOC,PURC_LINE_NO,DF__CUST_ORDE__PURC___4AB05B54,NULL
CUST_ORDER_ALLOC,RECEIVED_QTY,DF__CUST_ORDE__RECEI__4D8CC7FF,NULL
CUST_ORDER_ALLOC,SERVICE_COST,DF__CUST_ORDE__SERVI__506934AA,NULL
CUST_ORDER_ALLOC,SHIPPED_QTY,DF__CUST_ORDE__SHIPP__47D3EEA9,NULL
CUST_ORDER_ALLOC,SPLIT_ID,DF__CUST_ORDE__SPLIT__49BC371B,NULL
CUST_ORDER_ALLOC,UNIT_PRICE,DF__CUST_ORDE__UNIT___4E80EC38,NULL
CUST_ORDER_ALLOC,VALUE_LATE,DF__CUST_ORDE__VALUE__52517D1C,NULL
CUST_ORDER_CURR,AMOUNT,DF__CUST_ORDE__AMOUN__2805723E,NULL
CUST_ORDER_CURR,BUY_RATE,DF__CUST_ORDE__BUY_R__29EDBAB0,NULL
CUST_ORDER_CURR,SELL_RATE,DF__CUST_ORDE__SELL___28F99677,NULL
CUST_ORDER_LINE,ALLOCATED_QTY,DF__CUST_ORDE__ALLOC__346B4923,NULL
CUST_ORDER_LINE,EMAIL_NOTIFICATION,DF__CUST_ORDE__EMAIL__160788EB,NULL
CUST_ORDER_LINE,EST_FREIGHT,DF__CUST_ORDE__EST_F__2DBE4B94,NULL
CUST_ORDER_LINE,FULFILLED_QTY,DF__CUST_ORDE__FULFI__355F6D5C,NULL
CUST_ORDER_LINE,LINE_STATUS,DF__CUST_ORDE__LINE___2AE1DEE9,NULL
CUST_ORDER_LINE,POSTING_CANDIDATE,DF__CUST_ORDE__POSTI__30BB7F27,NULL
CUST_ORDER_LINE,STATUS_EFF_DATE,DF__CUST_ORDE__STATU__36539195,NULL
CUST_ORDER_LINE,TOTAL_ACT_FREIGHT,DF__CUST_ORDE__TOTAL__2EB26FCD,NULL
CUST_ORDER_LINE,TOTAL_AMT_ORDERED,DF__CUST_ORDE__TOTAL__328300B1,NULL
CUST_ORDER_LINE,TOTAL_AMT_SHIPPED,DF__CUST_ORDE__TOTAL__318EDC78,NULL
CUST_ORDER_LINE,TOTAL_SHIPPED_QTY,DF__CUST_ORDE__TOTAL__2FA69406,NULL
CUST_ORDER_LINE,TOTAL_USR_SHIP_QTY,DF__CUST_ORDE__TOTAL__309AB83F,NULL
CUST_ORDER_LINE,TRADE_DISC_PERCENT,DF__CUST_ORDE__TRADE__2CCA275B,NULL
CUST_ORDER_LINE,UNIT_PRICE,DF__CUST_ORDE__UNIT___2BD60322,NULL
CUST_ORDER_LINE,WIP_VAS_UNIT_PRICE,DF__CUST_ORDE__WIP_V__337724EA,NULL
CUST_ORDER_SYNC,CREATE_DATE,DF__CUST_ORDE__CREAT__3747B5CE,NULL
CUST_ORDER_SYNC,SUBSCRIPTIONS,DF__CUST_ORDE__SUBSC__383BDA07,NULL
CUST_ORDL_WIP_VAS,WIP_VAS_UNIT_PRICE,DF__CUST_ORDL__WIP_V__392FFE40,NULL
CUST_PRIORITY,FILL_RATE,DF__CUST_PRIO__FILL___3A242279,NULL
CUSTOMER,BACKORDER_FLAG,DF__CUSTOMER__BACKOR__3D008F24,NULL
CUSTOMER,CURRENCY_ID,DF__CUSTOMER__CURREN__3B1846B2,NULL
CUSTOMER,DUNNING_LETTERS,DF__CUSTOMER__DUNNIN__40D12008,NULL
CUSTOMER,EMAIL_CUST_ON_CHG_ORDER,DF__CUSTOMER__EMAIL___0F5A8B5C,NULL
CUSTOMER,EMAIL_CUST_ON_NEW_ORDER,DF__CUSTOMER__EMAIL___0E666723,NULL
CUSTOMER,EMAIL_CUST_ON_SHIPMENT,DF__CUSTOMER__EMAIL___104EAF95,NULL
CUSTOMER,EMAIL_EMPL_ON_CHG_ORDER,DF__CUSTOMER__EMAIL___1236F807,NULL
CUSTOMER,EMAIL_EMPL_ON_INV_PAID,DF__CUSTOMER__EMAIL___141F4079,NULL
CUSTOMER,EMAIL_EMPL_ON_NEW_ORDER,DF__CUSTOMER__EMAIL___1142D3CE,NULL
CUSTOMER,EMAIL_EMPL_ON_SHIPMENT,DF__CUSTOMER__EMAIL___132B1C40,NULL
CUSTOMER,FREIGHT_TERMS,DF__CUSTOMER__FREIGH__3FDCFBCF,NULL
CUSTOMER,STATUS_EFF_DATE,DF__CUSTOMER__STATUS__44A1B0EC,NULL
CUSTOMER,TAX_EXEMPT,DF__CUSTOMER__TAX_EX__3C0C6AEB,NULL
CUSTOMER,TERMS_DISC_TYPE,DF__CUSTOMER__TERMS___3EE8D796,NULL
CUSTOMER,TERMS_NET_TYPE,DF__CUSTOMER__TERMS___3DF4B35D,NULL
CUSTOMER,vat_always_disc,DF__CUSTOMER__vat_al__42B9687A,NULL
CUSTOMER,VAT_DISCOUNTED,DF__CUSTOMER__VAT_DI__41C54441,NULL
CUSTOMER,vat_override_seq,DF__CUSTOMER__vat_ov__43AD8CB3,NULL
CUSTOMER_BANK,IS_DEFAULT,DF__CUSTOMER___IS_DE__4595D525,NULL
CUSTOMER_BOOKINGS,CREATE_DATE,DF__CUSTOMER___CREAT__4689F95E,NULL
CUSTOMER_ENTITY,CREDIT_LIMIT_CTL,DF__CUSTOMER___CREDI__487241D0,NULL
CUSTOMER_ENTITY,CREDIT_STATUS,DF__CUSTOMER___CREDI__477E1D97,NULL
CUSTOMER_ENTITY,OPEN_ORDER_COUNT,DF__CUSTOMER___OPEN___4B4EAE7B,NULL
CUSTOMER_ENTITY,OPEN_RECV_COUNT,DF__CUSTOMER___OPEN___4C42D2B4,NULL
CUSTOMER_ENTITY,SHIP_CREDIT_LIMIT_CTL,DF__CUSTOMER___SHIP___1B564DED,NULL
CUSTOMER_ENTITY,TOTAL_OPEN_ORDERS,DF__CUSTOMER___TOTAL__49666609,NULL
CUSTOMER_ENTITY,TOTAL_OPEN_RECV,DF__CUSTOMER___TOTAL__4A5A8A42,NULL
CUSTOMER_ENTITY,TOTAL_OPEN_SHIPPED,DF__CUSTOMER___TOTAL_OPEN_SHIPPED,NULL
CUSTOMER_ORDER,BACK_ORDER,DF__CUSTOMER___BACK___510787D1,NULL
CUSTOMER_ORDER,CONSIGNMENT,DF__CUSTOMER___CONSI__5A90F20B,NULL
CUSTOMER_ORDER,CREATE_DATE,DF__CUSTOMER___CREAT__599CCDD2,NULL
CUSTOMER_ORDER,CURRENCY_ID,DF__CUSTOMER___CURRE__58A8A999,NULL
CUSTOMER_ORDER,EDI_FLAG,DF__CUSTOMER___EDI_F__56C06127,NULL
CUSTOMER_ORDER,EMAIL_CUST_ON_CHG_ORDER,DF__CUSTOMER___EMAIL__17EFD15D,NULL
CUSTOMER_ORDER,EMAIL_CUST_ON_NEW_ORDER,DF__CUSTOMER___EMAIL__16FBAD24,NULL
CUSTOMER_ORDER,EMAIL_CUST_ON_SHIPMENT,DF__CUSTOMER___EMAIL__18E3F596,NULL
CUSTOMER_ORDER,EMAIL_EMPL_ON_CHG_ORDER,DF__CUSTOMER___EMAIL__1ACC3E08,NULL
CUSTOMER_ORDER,EMAIL_EMPL_ON_INV_PAID,DF__CUSTOMER___EMAIL__1CB4867A,NULL
CUSTOMER_ORDER,EMAIL_EMPL_ON_NEW_ORDER,DF__CUSTOMER___EMAIL__19D819CF,NULL
CUSTOMER_ORDER,EMAIL_EMPL_ON_SHIPMENT,DF__CUSTOMER___EMAIL__1BC06241,NULL
CUSTOMER_ORDER,EMAIL_NOTIFICATION,DF__CUSTOMER___EMAIL__151364B2,NULL
CUSTOMER_ORDER,EXCH_RATE_FIXED,DF__CUSTOMER___EXCH___57B48560,NULL
CUSTOMER_ORDER,FREIGHT_TERMS,DF__CUSTOMER___FREIG__4F1F3F5F,NULL
CUSTOMER_ORDER,MARKED_FOR_PURGE,DF__CUSTOMER___MARKE__55CC3CEE,NULL
CUSTOMER_ORDER,ORDER_DATE,DF__CUSTOMER___ORDER__50136398,NULL
CUSTOMER_ORDER,POSTING_CANDIDATE,DF__CUSTOMER___POSTI__52EFD043,NULL
CUSTOMER_ORDER,STATUS,DF__CUSTOMER___STATU__51FBAC0A,NULL
CUSTOMER_ORDER,STATUS_EFF_DATE,DF__CUSTOMER___STATU__5B851644,NULL
CUSTOMER_ORDER,TERMS_DISC_TYPE,DF__CUSTOMER___TERMS__4E2B1B26,NULL
CUSTOMER_ORDER,TERMS_NET_TYPE,DF__CUSTOMER___TERMS__4D36F6ED,NULL
CUSTOMER_ORDER,TOTAL_AMT_ORDERED,DF__CUSTOMER___TOTAL__53E3F47C,NULL
CUSTOMER_ORDER,TOTAL_AMT_SHIPPED,DF__CUSTOMER___TOTAL__54D818B5,NULL
CUSTOMER_SITE,EMAIL_INVOICE,DF__CUSTOMER___EMAIL__3950C528,NULL
CUSTOMER_SITE,ORDER_FILL_RATE,DF__CUSTOMER___ORDER__5C793A7D,NULL
CUSTOMER_SYNC,CREATE_DATE,DF__CUSTOMER___CREAT__5D6D5EB6,NULL
CUSTOMER_SYNC,SUBSCRIPTIONS,DF__CUSTOMER___SUBSC__5E6182EF,NULL
DASHBOARD_ITEM_AUTHORITY,PERMISSION,DF__DASHBOARD__PERMI__4032CCE1,NULL
DATA_EXPORT,ABUT_PREVIOUS,DF__DATA_EXPO__ABUT___5F55A728,NULL
DATA_EXPORT,COMMA_SEPARATE,DF__DATA_EXPO__COMMA__623213D3,NULL
DATA_EXPORT,DATA_TYPE,DF__DATA_EXPO__DATA___6049CB61,NULL
DATA_EXPORT,QUOTE_DATA,DF__DATA_EXPO__QUOTE__613DEF9A,NULL
DATA_EXPORT,TERMINATE_RECORD,DF__DATA_EXPO__TERMI__6326380C,NULL
DBR_EVENT_DETECT,CREATE_DATE,DF__DBR_EVENT__CREAT__641A5C45,NULL
DBR_EVENT_TRIGGER,CREATE_DATE,DF__DBR_EVENT__CREAT__650E807E,NULL
DEMAND_SUPPLY_LINK,ALLOCATED_QTY,DF__DEMAND_SU__ALLOC__6602A4B7,NULL
DEMAND_SUPPLY_LINK,CREATE_DATE,DF__DEMAND_SU__CREAT__68DF1162,NULL
DEMAND_SUPPLY_LINK,ISSUED_QTY,DF__DEMAND_SU__ISSUE__67EAED29,NULL
DEMAND_SUPPLY_LINK,RECEIVED_QTY,DF__DEMAND_SU__RECEI__66F6C8F0,NULL
DEMSUP_SUMMARY,RECEIVED_QTY,DF__DEMSUP_SU__RECEI__69D3359B,NULL
DOCUMENT,PATH_TYPE,DF__DOCUMENT__PATH_T__6AC759D4,NULL
DOCUMENT_EML_AUDIT,EMAIL_DATE,DF__DOCUMENT___EMAIL__02F4B477,NULL
DOCUMENT_REF_PATH,CREATE_DATE,DF__DOCUMENT___CREAT__6B1D2AE6,NULL
DOCUMENT_REF_WF,CREATE_DATE,DF__DOCUMENT___CREAT__6BBB7E0D,NULL
EC,CREATE_DATE,DF__EC__CREATE_DATE__6DA3C67F,NULL
EC,NEXT_LINE_NO,DF__EC__NEXT_LINE_NO__6E97EAB8,NULL
EC,PRIORITY,DF__EC__PRIORITY__6CAFA246,NULL
EC,STATUS_EFF_DATE,DF__EC__STATUS_EFF_D__6F8C0EF1,NULL
EC_GROUP_USER,CREATE_DATE,DF__EC_GROUP___CREAT__7080332A,NULL
EC_LINE,CREATE_DATE,DF__EC_LINE__CREATE___71745763,NULL
EC_LINE,STATUS_EFF_DATE,DF__EC_LINE__STATUS___72687B9C,NULL
EC_REASONS,CREATE_DATE,DF__EC_REASON__CREAT__735C9FD5,NULL
EC_TYPES,CREATE_DATE,DF__EC_TYPES__CREATE__7450C40E,NULL
ECN,CREATE_DATE,DF__ECN__CREATE_DATE__76390C80,NULL
ECN,STATUS,DF__ECN__STATUS__7544E847,NULL
ECN_DETAIL,CHILD_NOTIFY,DF__ECN_DETAI__CHILD__772D30B9,NULL
ECN_DETAIL,CREATE_DATE,DF__ECN_DETAI__CREAT__7AFDC19D,NULL
ECN_DETAIL,ECN_ACTION,DF__ECN_DETAI__ECN_A__7915792B,NULL
ECN_DETAIL,LOCK_NOTIFY,DF__ECN_DETAI__LOCK___782154F2,NULL
ECN_DETAIL,RESTORED,DF__ECN_DETAI__RESTO__7A099D64,NULL
EMPLOYEE,ACTIVE,DF__EMPLOYEE__ACTIVE__7CE60A0F,NULL
EMPLOYEE,MERLIN_EMP,DF__EMPLOYEE__MERLIN__7DDA2E48,NULL
EMPLOYEE,TYPE,DF__EMPLOYEE__TYPE__7BF1E5D6,NULL
EMPLOYEE_BINARY,BITS_LENGTH,DF__EMPLOYEE___BITS___7ECE5281,NULL
EMPLOYEE_SYNC,CREATE_DATE,DF__EMPLOYEE___CREAT__7FC276BA,NULL
EMPLOYEE_SYNC,SUBSCRIPTIONS,DF__EMPLOYEE___SUBSC__00B69AF3,NULL
EVENT_BINARY,BITS_LENGTH,DF__EVENT_BIN__BITS___01AABF2C,NULL
EVENT_DETECT,CREATE_DATE,DF__EVENT_DET__CREAT__029EE365,NULL
EVENT_LOG,CREATE_DATE,DF__EVENT_LOG__CREAT__0393079E,NULL
EVENT_TRIGGER,CREATE_DATE,DF__EVENT_TRI__CREAT__04872BD7,NULL
FIN_DIST_DETAIL,CURRENCY_ID,DF__FIN_DIST___CURRE__057B5010,NULL
FINANCIAL_CALENDAR,PERIOD_TYPE,DF__FINANCIAL__PERIO__79A05467,NULL
FINANCIAL_CALENDAR,PERIODS_PER_YEAR,DF__FINANCIAL__PERIO__7A9478A0,NULL
FOB_POINT_SYNC,CREATE_DATE,DF__FOB_POINT__CREAT__066F7449,NULL
FOB_POINT_SYNC,SUBSCRIPTIONS,DF__FOB_POINT__SUBSC__07639882,NULL
GAGE,SERIALNUM_REQD,DF__GAGE__SERIALNUM___0857BCBB,NULL
GJ,BUY_RATE,DF__GJ__BUY_RATE__0C284D9F,NULL
GJ,CREATE_DATE,DF__GJ__CREATE_DATE__0D1C71D8,NULL
GJ,POST_ALL_TRACKING,DF__GJ__POST_ALL_TRA__0E109611,NULL
GJ,POST_AS_NATIVE,DF__GJ__POST_AS_NATI__0F04BA4A,NULL
GJ,POSTING_CANDIDATE,DF__GJ__POSTING_CAND__10ED02BC,NULL
GJ,SELL_RATE,DF__GJ__SELL_RATE__0B342966,NULL
GJ,TOTAL_CR_AMOUNT,DF__GJ__TOTAL_CR_AMO__0A40052D,NULL
GJ,TOTAL_DR_AMOUNT,DF__GJ__TOTAL_DR_AMO__094BE0F4,NULL
GJ,USER_EXCH_RATE,DF__GJ__USER_EXCH_RA__0FF8DE83,NULL
GJ_CURR,AMOUNT,DF__GJ_CURR__AMOUNT__11E126F5,NULL
GJ_CURR,BUY_RATE,DF__GJ_CURR__BUY_RAT__13C96F67,NULL
GJ_CURR,SELL_RATE,DF__GJ_CURR__SELL_RA__12D54B2E,NULL
GJ_DIST,CREATE_DATE,DF__GJ_DIST__CREATE___14BD93A0,NULL
GJ_DIST,CURRENCY_ID,DF__GJ_DIST__CURRENC__15B1B7D9,NULL
GJ_LINE_CURR,AMOUNT,DF__GJ_LINE_C__AMOUN__16A5DC12,NULL
GJ_LINE_CURR,BUY_RATE,DF__GJ_LINE_C__BUY_R__188E2484,NULL
GJ_LINE_CURR,SELL_RATE,DF__GJ_LINE_C__SELL___179A004B,NULL
GROUP_USER,CREATE_DATE,DF__GROUP_USE__CREAT__198248BD,NULL
GROUPS,CREATE_DATE,DF__GROUPS__CREATE_D__1A766CF6,NULL
HARMONIZED_TARIFF,DUTY_PERCENT,DF__HARMONIZE__DUTY___1B6A912F,NULL
HTS_DUTY_PERCENT,DUTY_PERCENT,DF__HTS_DUTY___DUTY___1C5EB568,NULL
IBT,CONSIGNED_XFR_TYPE,DF__IBT__CONSIGNED_X__202F464C,NULL
IBT,MARKED_FOR_PURGE,DF__IBT__MARKED_FOR___1F3B2213,NULL
IBT,ORDER_DATE,DF__IBT__ORDER_DATE__1D52D9A1,NULL
IBT,STATUS,DF__IBT__STATUS__1E46FDDA,NULL
IBT,STATUS_EFF_DATE,DF__IBT__STATUS_EFF___21236A85,NULL
IBT_LINE,DEM_ALLOCATED_QTY,DF__IBT_LINE__DEM_AL__230BB2F7,NULL
IBT_LINE,DEM_FULFILLED_QTY,DF__IBT_LINE__DEM_FU__23FFD730,NULL
IBT_LINE,LINE_STATUS,DF__IBT_LINE__LINE_S__22178EBE,NULL
IBT_LINE,STATUS_EFF_DATE,DF__IBT_LINE__STATUS__26DC43DB,NULL
IBT_LINE,SUP_ALLOCATED_QTY,DF__IBT_LINE__SUP_AL__24F3FB69,NULL
IBT_LINE,SUP_FULFILLED_QTY,DF__IBT_LINE__SUP_FU__25E81FA2,NULL
IBT_RECEIVER,CREATE_DATE,DF__IBT_RECEI__CREAT__27D06814,NULL
IBT_RECEIVER,MARKED_FOR_PURGE,DF__IBT_RECEI__MARKE__28C48C4D,NULL
IBT_RECEIVER_LINE,ACT_FREIGHT,DF__IBT_RECEI__ACT_F__29B8B086,NULL
IBT_SHIPPER,CREATE_DATE,DF__IBT_SHIPP__CREAT__2AACD4BF,NULL
IBT_SHIPPER,MARKED_FOR_PURGE,DF__IBT_SHIPP__MARKE__2BA0F8F8,NULL
IBT_SHIPPER_LINE,ACT_FREIGHT,DF__IBT_SHIPP__ACT_F__2C951D31,NULL
IBT_SYNC,CREATE_DATE,DF__IBT_SYNC__CREATE__2D89416A,NULL
IBT_SYNC,SUBSCRIPTIONS,DF__IBT_SYNC__SUBSCR__2E7D65A3,NULL
INBOX_ERROR,C_CREATE_DATE,DF__INBOX_ERR__C_CRE__2F7189DC,NULL
INDIRECT_DETAIL,CURRENCY_ID,DF__INDIRECT___CURRE__3065AE15,NULL
INDIRECT_DIST,CREATE_DATE,DF__INDIRECT___CREAT__3159D24E,NULL
INDIRECT_DIST,CURRENCY_ID,DF__INDIRECT___CURRE__324DF687,NULL
INDIVIDUAL_PRV_HISTORY,CREATE_DATE,DF__INDIVIDUA__CREAT__19C30B36,NULL
INSPECTION_ORDER,CREATE_DATE,DF__INSPECTIO__CREAT__3DBFA933,NULL
INSPECTION_ORDER,LAST_MOD_DATE,DF__INSPECTIO__LAST___3CCB84FA,NULL
INSPECTION_ORDER,QTY_ACCEPTED,DF__INSPECTIO__QTY_A__39EF184F,NULL
INSPECTION_ORDER,QTY_ACCEPTED_BASE,DF__INSPECTIO__QTY_A__361E876B,NULL
INSPECTION_ORDER,QTY_HOLD,DF__INSPECTIO__QTY_H__3BD760C1,NULL
INSPECTION_ORDER,QTY_HOLD_BASE,DF__INSPECTIO__QTY_H__3806CFDD,NULL
INSPECTION_ORDER,QTY_RECEIVED,DF__INSPECTIO__QTY_R__38FAF416,NULL
INSPECTION_ORDER,QTY_RECEIVED_BASE,DF__INSPECTIO__QTY_R__352A6332,NULL
INSPECTION_ORDER,QTY_REJECTED,DF__INSPECTIO__QTY_R__3AE33C88,NULL
INSPECTION_ORDER,QTY_REJECTED_BASE,DF__INSPECTIO__QTY_R__3712ABA4,NULL
INSPECTION_ORDER,STATUS,DF__INSPECTIO__STATU__33421AC0,NULL
INSPECTION_ORDER,STATUS_EFF_DATE,DF__INSPECTIO__STATU__34363EF9,NULL
INSTALLMENT,PERIOD_TYPE,DF__INSTALLME__PERIO__3EB3CD6C,NULL
INSTALLMENT_LINE,INST_PERCENT,DF__INSTALLME__INST___3FA7F1A5,NULL
INV_PIECES,QTY,DF__INV_PIECES__QTY__409C15DE,NULL
INV_RECEIPT_DIST,QTY,DF__INV_RECEIPT__QTY__41903A17,NULL
INV_TRANS_CURR,ACT_BURDEN_COST,DF__INV_TRANS__ACT_B__446CA6C2,NULL
INV_TRANS_CURR,ACT_LABOR_COST,DF__INV_TRANS__ACT_L__43788289,NULL
INV_TRANS_CURR,ACT_MATERIAL_COST,DF__INV_TRANS__ACT_M__42845E50,NULL
INV_TRANS_CURR,ACT_SERVICE_COST,DF__INV_TRANS__ACT_S__4560CAFB,NULL
INV_TRANS_CURR,BUY_RATE,DF__INV_TRANS__BUY_R__4749136D,NULL
INV_TRANS_CURR,SELL_RATE,DF__INV_TRANS__SELL___4654EF34,NULL
INV_TRANS_DIST_TRC,ACT_BURDEN_COST,DF__INV_TRANS__ACT_B__4A258018,NULL
INV_TRANS_DIST_TRC,ACT_LABOR_COST,DF__INV_TRANS__ACT_L__49315BDF,NULL
INV_TRANS_DIST_TRC,ACT_MATERIAL_COST,DF__INV_TRANS__ACT_M__483D37A6,NULL
INV_TRANS_DIST_TRC,ACT_SERVICE_COST,DF__INV_TRANS__ACT_S__4B19A451,NULL
INVENTORY_BALANCE,CURRENCY_ID,DF__INVENTORY__CURRE__4C0DC88A,NULL
INVENTORY_TRANS,ACT_BURDEN_COST,DF__INVENTORY__ACT_B__50D27DA7,NULL
INVENTORY_TRANS,ACT_LABOR_COST,DF__INVENTORY__ACT_L__4FDE596E,NULL
INVENTORY_TRANS,ACT_MATERIAL_COST,DF__INVENTORY__ACT_M__4EEA3535,NULL
INVENTORY_TRANS,ACT_SERVICE_COST,DF__INVENTORY__ACT_S__51C6A1E0,NULL
INVENTORY_TRANS,COSTED_QTY,DF__INVENTORY__COSTE__4D01ECC3,NULL
INVENTORY_TRANS,COUNT_SEQUENCE,DF__INVENTORY__COUNT__53AEEA52,NULL
INVENTORY_TRANS,CREATE_DATE,DF__INVENTORY__CREAT__52BAC619,NULL
INVENTORY_TRANS,POSTING_CANDIDATE,DF__INVENTORY__POSTI__4DF610FC,NULL
JOURNAL,CREATE_DATE,DF__JOURNAL__CREATE___54A30E8B,NULL
JOURNAL,CURRENCY_ID,DF__JOURNAL__CURRENC__559732C4,NULL
JOURNAL_BATCH,CREATE_DATE,DF__JOURNAL_B__CREAT__577F7B36,NULL
JOURNAL_BATCH,CREDIT_AMOUNT,DF__JOURNAL_B__CREDI__5A5BE7E1,NULL
JOURNAL_BATCH,DEBIT_AMOUNT,DF__JOURNAL_B__DEBIT__5967C3A8,NULL
JOURNAL_BATCH,LOCKED,DF__JOURNAL_B__LOCKE__58739F6F,NULL
JOURNAL_BATCH,TYPE,DF__JOURNAL_BA__TYPE__568B56FD,NULL
JOURNAL_DIM,POSTING_DATE,DF__JOURNAL_D__POSTI__5B500C1A,NULL
JOURNAL_DIM_FILTER,IS_DEFAULT,DF__JOURNAL_D__IS_DE__5C443053,NULL
LABOR_TICKET,ACT_BURDEN_COST,DF__LABOR_TIC__ACT_B__62F12DE2,NULL
LABOR_TICKET,ACT_LABOR_COST,DF__LABOR_TIC__ACT_L__61FD09A9,NULL
LABOR_TICKET,BAD_QTY,DF__LABOR_TIC__BAD_Q__5F209CFE,NULL
LABOR_TICKET,CREATE_DATE,DF__LABOR_TIC__CREAT__63E5521B,NULL
LABOR_TICKET,INDIRECT_CODE,DF__LABOR_TIC__INDIR__6108E570,NULL
LABOR_TICKET,MT_FAILED_INSPECT,DF__LABOR_TIC__MT_FA__67B5E2FF,NULL
LABOR_TICKET,MT_OS_NCM_QTY,DF__LABOR_TIC__MT_OS__65CD9A8D,NULL
LABOR_TICKET,MT_OVER_COMPLETE,DF__LABOR_TIC__MT_OV__66C1BEC6,NULL
LABOR_TICKET,MT_SPE_NCM_QTY,DF__LABOR_TIC__MT_SP__64D97654,NULL
LABOR_TICKET,POSTING_CANDIDATE,DF__LABOR_TIC__POSTI__6014C137,NULL
LABOR_TICKET,SETUP_COMPLETED,DF__LABOR_TIC__SETUP__5E2C78C5,NULL
LABOR_TICKET,TYPE,DF__LABOR_TICK__TYPE__5D38548C,NULL
LABOR_TICKET_CURR,ACT_BURDEN_COST,DF__LABOR_TIC__ACT_B__699E2B71,NULL
LABOR_TICKET_CURR,ACT_LABOR_COST,DF__LABOR_TIC__ACT_L__68AA0738,NULL
LABOR_TICKET_CURR,ACT_MATERIAL_COST,DF__LABOR_TIC__ACT_M__6A924FAA,NULL
LABOR_TICKET_CURR,ACT_SERVICE_COST,DF__LABOR_TIC__ACT_S__6B8673E3,NULL
LABOR_TICKET_CURR,BUY_RATE,DF__LABOR_TIC__BUY_R__6D6EBC55,NULL
LABOR_TICKET_CURR,SELL_RATE,DF__LABOR_TIC__SELL___6C7A981C,NULL
LANG_TRANSLATIONS,ACTIVE,DF__LANG_TRAN__ACTIV__1E52B629,NULL
LANG_TRANSLATIONS,BITS,DF__LANG_TRANS__BITS__212F22D4,NULL
LANG_TRANSLATIONS,BITS_LENGTH,DF__LANG_TRAN__BITS___203AFE9B,NULL
LANG_TRANSLATIONS,GATHER_MODE,DF__LANG_TRAN__GATHE__1F46DA62,NULL
LANG_TRANSLATIONS,TYPE,DF__LANG_TRANS__TYPE__61D3B7CE,NULL
LOGINS,LAST_ACTIVITY,DF__LOGINS__LAST_ACT__6F5704C7,NULL
LOGINS,LOGIN_TIME,DF__LOGINS__LOGIN_TI__6E62E08E,NULL
MASTER_SCHEDULE,FIRMED,DF__MASTER_SC__FIRME__713F4D39,NULL
MASTER_SCHEDULE,MASTER_SCHEDULE_ID,DF__MASTER_SC__MASTE__704B2900,NULL
NMFC_CODE,HAZARDOUS,DF__NMFC_CODE__HAZAR__72337172,NULL
NMFC_CODE_SYNC,CREATE_DATE,DF__NMFC_CODE__CREAT__732795AB,NULL
NMFC_CODE_SYNC,SUBSCRIPTIONS,DF__NMFC_CODE__SUBSC__741BB9E4,NULL
NOTIFICATION_DATA,CREATE_DATE,DF__NOTIFICAT__CREAT__796B4A3D,NULL
NOTIFICATION_EMPLOYEE_DOC,NOTIFY_ME_TYPE,DF__NOTIFICAT__NOTIF__73B270E7,NULL
NOTIFICATION_TOKEN,CALCULATED_VALUE,DF__NOTIFICAT__CALCU__44785F11,NULL
NOTIFICATION_TOKEN,DATA_FORMAT_TYPE,DF__NOTIFICAT__DATA___4290169F,NULL
NOTIFICATION_TOKEN,MIN_DECIMAL_POSITIONS,DF__NOTIFICAT__MIN_D__43843AD8,NULL
NOTIFICATION_TOKEN,SELECTED_TOKEN,DF__NOTIFICAT__SELEC__419BF266,NULL
OPER_TYPE_RESOURCE,JUSTIFICATION,DF__OPER_TYPE__JUSTI__750FDE1D,NULL
OPER_TYPE_SYNC,CREATE_DATE,DF__OPER_TYPE__CREAT__76040256,NULL
OPER_TYPE_SYNC,SUBSCRIPTIONS,DF__OPER_TYPE__SUBSC__76F8268F,NULL
OPERATION,ACT_ATL_BUR_COST,DF__OPERATION__ACT_A__12A04104,NULL
OPERATION,ACT_ATL_LAB_COST,DF__OPERATION__ACT_A__11AC1CCB,NULL
OPERATION,ACT_ATL_SER_COST,DF__OPERATION__ACT_A__1394653D,NULL
OPERATION,ACT_RUN_HRS,DF__OPERATION__ACT_R__7CB0FFE5,NULL
OPERATION,ACT_SETUP_HRS,DF__OPERATION__ACT_S__7BBCDBAC,NULL
OPERATION,ACT_TTL_BUR_COST,DF__OPERATION__ACT_T__1E11F3B0,NULL
OPERATION,ACT_TTL_LAB_COST,DF__OPERATION__ACT_T__1D1DCF77,NULL
OPERATION,ACT_TTL_MAT_COST,DF__OPERATION__ACT_T__1C29AB3E,NULL
OPERATION,ACT_TTL_SER_COST,DF__OPERATION__ACT_T__1F0617E9,NULL
OPERATION,ALLOCATED_QTY,DF__OPERATION__ALLOC__23CACD06,NULL
OPERATION,BEGIN_TRACEABILITY,DF__OPERATION__BEGIN__008190C9,NULL
OPERATION,BUR_PER_HR_RUN,DF__OPERATION__BUR_P__063A6A1F,NULL
OPERATION,BUR_PER_HR_SETUP,DF__OPERATION__BUR_P__054645E6,NULL
OPERATION,BUR_PER_OPERATION,DF__OPERATION__BUR_P__0AFF1F3C,NULL
OPERATION,BUR_PER_UNIT_RUN,DF__OPERATION__BUR_P__072E8E58,NULL
OPERATION,BUR_PERCENT_RUN,DF__OPERATION__BUR_P__0A0AFB03,NULL
OPERATION,BUR_PERCENT_SETUP,DF__OPERATION__BUR_P__0916D6CA,NULL
OPERATION,COMPLETED_QTY,DF__OPERATION__COMPL__79D4933A,NULL
OPERATION,DEVIATED_QTY,DF__OPERATION__DEVIA__7AC8B773,NULL
OPERATION,DISPATCH_SEQUENCE,DF__OPERATION__DISPA__2F7D422B,NULL
OPERATION,DISPATCHED_QTY,DF__OPERATION__DISPA__21E28494,NULL
OPERATION,EST_ATL_BUR_COST,DF__OPERATION__EST_A__0CE767AE,NULL
OPERATION,EST_ATL_LAB_COST,DF__OPERATION__EST_A__0BF34375,NULL
OPERATION,EST_ATL_SER_COST,DF__OPERATION__EST_A__0DDB8BE7,NULL
OPERATION,EST_TTL_BUR_COST,DF__OPERATION__EST_T__1670D1E8,NULL
OPERATION,EST_TTL_LAB_COST,DF__OPERATION__EST_T__157CADAF,NULL
OPERATION,EST_TTL_MAT_COST,DF__OPERATION__EST_T__14888976,NULL
OPERATION,EST_TTL_SER_COST,DF__OPERATION__EST_T__1764F621,NULL
OPERATION,FIXED_SCRAP_UNITS,DF__OPERATION__FIXED__78E06F01,NULL
OPERATION,FULFILLED_QTY,DF__OPERATION__FULFI__24BEF13F,NULL
OPERATION,ISDETERMINANT,DF__OPERATION__ISDET__0175B502,NULL
OPERATION,MAX_QTY_COMPLETE,DF__OPERATION__MAX_Q__2E891DF2,NULL
OPERATION,OVERLAP_SETUP,DF__OPERATION__OVERL__2E692261,NULL
OPERATION,OVERRIDE_QTYS,DF__OPERATION__OVERR__7F8D6C90,NULL
OPERATION,PERCENT_COMPL,DF__OPERATION__PERCE__2CA0D580,NULL
OPERATION,PROTECT_COST,DF__OPERATION__PROTE__20EE605B,NULL
OPERATION,QTY_COMPL_BY_HRS,DF__OPERATION__QTY_C__2D94F9B9,NULL
OPERATION,REM_ATL_BUR_COST,DF__OPERATION__REM_A__0FC3D459,NULL
OPERATION,REM_ATL_LAB_COST,DF__OPERATION__REM_A__0ECFB020,NULL
OPERATION,REM_ATL_SER_COST,DF__OPERATION__REM_A__10B7F892,NULL
OPERATION,REM_TTL_BUR_COST,DF__OPERATION__REM_T__1A4162CC,NULL
OPERATION,REM_TTL_LAB_COST,DF__OPERATION__REM_T__194D3E93,NULL
OPERATION,REM_TTL_MAT_COST,DF__OPERATION__REM_T__18591A5A,NULL
OPERATION,REM_TTL_SER_COST,DF__OPERATION__REM_T__1B358705,NULL
OPERATION,RUN_COST_PER_HR,DF__OPERATION__RUN_C__035DFD74,NULL
OPERATION,RUN_COST_PER_UNIT,DF__OPERATION__RUN_C__045221AD,NULL
OPERATION,SCRAP_YIELD_TYPE,DF__OPERATION__SCRAP__77EC4AC8,NULL
OPERATION,SERVICE_BASE_CHG,DF__OPERATION__SERVI__0822B291,NULL
OPERATION,SERVICE_MIN_CHG,DF__OPERATION__SERVI__22D6A8CD,NULL
OPERATION,SETUP_COMPLETED,DF__OPERATION__SETUP__7E994857,NULL
OPERATION,SETUP_COST_PER_HR,DF__OPERATION__SETUP__0269D93B,NULL
OPERATION,SPLIT_ADJUSTMENT,DF__OPERATION__SPLIT__1FFA3C22,NULL
OPERATION,STATUS,DF__OPERATION__STATU__7DA5241E,NULL
OPERATION,STATUS_EFF_DATE,DF__OPERATION__STATU__25B31578,NULL
OPERATION_AUDIT,DIRECTION,DF__OPERATION__DIREC__26A739B1,NULL
OPERATION_AUDIT,RESULT,DF__OPERATION__RESUL__279B5DEA,NULL
OPERATION_RESOURCE,JUSTIFICATION,DF__OPERATION__JUSTI__288F8223,NULL
OPERATION_SCHED,DIRECTION,DF__OPERATION__DIREC__06C5455B,NULL
OPERATION_SCHED,ISDETERMINANT,DF__OPERATION__ISDET__05D12122,NULL
OPERATION_SUMMARY,EST_ATL_BUR_COST,DF__OPERATION__EST_A__2C601307,NULL
OPERATION_SUMMARY,EST_ATL_LAB_COST,DF__OPERATION__EST_A__2B6BEECE,NULL
OPERATION_SUMMARY,EST_ATL_SER_COST,DF__OPERATION__EST_A__2D543740,NULL
OPERATION_SUMMARY,REM_ATL_BUR_COST,DF__OPERATION__REM_A__2F3C7FB2,NULL
OPERATION_SUMMARY,REM_ATL_LAB_COST,DF__OPERATION__REM_A__2E485B79,NULL
OPERATION_SUMMARY,REM_ATL_SER_COST,DF__OPERATION__REM_A__3030A3EB,NULL
PACKAGE_TYPE_SYNC,CREATE_DATE,DF__PACKAGE_T__CREAT__3124C824,NULL
PACKAGE_TYPE_SYNC,SUBSCRIPTIONS,DF__PACKAGE_T__SUBSC__3218EC5D,NULL
PART,ADD_FORECAST,DF__PART__ADD_FORECA__415B2FED,NULL
PART,CONTROLLED_BY_ICS,DF__PART__CONTROLLED__49F075EE,NULL
PART,CREATE_DATE,DF__PART__CREATE_DAT__196E057B,NULL
PART,DEMAND_HISTORY,DF__PART__DEMAND_HIS__38C5E9EC,NULL
PART,DETAIL_ONLY,DF__PART__DETAIL_ONL__37D1C5B3,NULL
PART,FABRICATED,DF__PART__FABRICATED__34F55908,NULL
PART,HEIGHT_REQD,DF__PART__HEIGHT_REQ__452BC0D1,NULL
PART,INSPECTION_REQD,DF__PART__INSPECTION__3AAE325E,NULL
PART,intrastat_exempt,DF__PART__intrastat___47140943,NULL
PART,INVENTORY_LOCKED,DF__PART__INVENTORY___3BA25697,NULL
PART,IS_KIT,DF__PART__IS_KIT__48082D7C,NULL
PART,LENGTH_REQD,DF__PART__LENGTH_REQ__4343785F,NULL
PART,ORDER_POLICY,DF__PART__ORDER_POLI__340134CF,NULL
PART,PIECE_TRACKED,DF__PART__PIECE_TRAC__424F5426,NULL
PART,PLANNING_LEADTIME,DF__PART__PLANNING_L__330D1096,NULL
PART,PURCHASED,DF__PART__PURCHASED__35E97D41,NULL
PART,QTY_AVAILABLE_ISS,DF__PART__QTY_AVAILA__3D8A9F09,NULL
PART,QTY_AVAILABLE_MRP,DF__PART__QTY_AVAILA__3E7EC342,NULL
PART,QTY_COMMITTED,DF__PART__QTY_COMMIT__461FE50A,NULL
PART,QTY_IN_DEMAND,DF__PART__QTY_IN_DEM__40670BB4,NULL
PART,QTY_ON_HAND,DF__PART__QTY_ON_HAN__3C967AD0,NULL
PART,QTY_ON_ORDER,DF__PART__QTY_ON_ORD__3F72E77B,NULL
PART,STATUS_EFF_DATE,DF__PART__STATUS_EFF__48FC51B5,NULL
PART,STOCKED,DF__PART__STOCKED__36DDA17A,NULL
PART,TOOL_OR_FIXTURE,DF__PART__TOOL_OR_FI__39BA0E25,NULL
PART,WIDTH_REQD,DF__PART__WIDTH_REQD__44379C98,NULL
PART_LOCATION,AUTO_ISSUE_LOC,DF__PART_LOCA__AUTO___4FA94F44,NULL
PART_LOCATION,COMMITTED_QTY,DF__PART_LOCA__COMMI__4DC106D2,NULL
PART_LOCATION,DEF_BACKFLUSH_LOC,DF__PART_LOCA__DEF_B__4EB52B0B,NULL
PART_LOCATION,DEF_INSPECT_LOC,DF__PART_LOCA__DEF_I__509D737D,NULL
PART_LOCATION,LOCKED,DF__PART_LOCA__LOCKE__4BD8BE60,NULL
PART_LOCATION,QTY,DF__PART_LOCATI__QTY__4AE49A27,NULL
PART_LOCATION,STATUS_EFF_DATE,DF__PART_LOCA__STATU__519197B6,NULL
PART_LOCATION,TRANSIT,DF__PART_LOCA__TRANS__4CCCE299,NULL
PART_SITE,BURDEN_PER_UNIT,DF__PART_SITE__BURDE__5562289A,NULL
PART_SITE,BURDEN_PERCENT,DF__PART_SITE__BURDE__546E0461,NULL
PART_SITE,CREATE_DATE,DF__PART_SITE__CREAT__1A6229B4,NULL
PART_SITE,FIXED_COST,DF__PART_SITE__FIXED__583E9545,NULL
PART_SITE,INTRASTAT_EXEMPT,DF__PART_SITE__INTRA__6780D8D5,NULL
PART_SITE,IS_RATE_BASED,DF__PART_SITE__IS_RA__2D74FE28,NULL
PART_SITE,NEW_BURDEN_COST,DF__PART_SITE__NEW_B__5C0F2629,NULL
PART_SITE,NEW_BURDEN_PERCENT,DF__PART_SITE__NEW_B__5DF76E9B,NULL
PART_SITE,NEW_BURDEN_PERUNIT,DF__PART_SITE__NEW_B__5EEB92D4,NULL
PART_SITE,NEW_FIXED_COST,DF__PART_SITE__NEW_F__60D3DB46,NULL
PART_SITE,NEW_LABOR_COST,DF__PART_SITE__NEW_L__5B1B01F0,NULL
PART_SITE,NEW_MATERIAL_COST,DF__PART_SITE__NEW_M__5A26DDB7,NULL
PART_SITE,NEW_SERVICE_COST,DF__PART_SITE__NEW_S__5D034A62,NULL
PART_SITE,PURC_BUR_PER_UNIT,DF__PART_SITE__PURC___5FDFB70D,NULL
PART_SITE,PURC_BUR_PERCENT,DF__PART_SITE__PURC___56564CD3,NULL
PART_SITE,QTY_AVAILABLE_ISS,DF__PART_SITE__QTY_A__62BC23B8,NULL
PART_SITE,QTY_AVAILABLE_MRP,DF__PART_SITE__QTY_A__63B047F1,NULL
PART_SITE,QTY_COMMITTED,DF__PART_SITE__QTY_C__668CB49C,NULL
PART_SITE,QTY_IN_DEMAND,DF__PART_SITE__QTY_I__65989063,NULL
PART_SITE,QTY_ON_HAND,DF__PART_SITE__QTY_O__61C7FF7F,NULL
PART_SITE,QTY_ON_ORDER,DF__PART_SITE__QTY_O__64A46C2A,NULL
PART_SITE,UNIT_BURDEN_COST,DF__PART_SITE__UNIT___574A710C,NULL
PART_SITE,UNIT_LABOR_COST,DF__PART_SITE__UNIT___5379E028,NULL
PART_SITE,UNIT_MATERIAL_COST,DF__PART_SITE__UNIT___5285BBEF,NULL
PART_SITE,UNIT_SERVICE_COST,DF__PART_SITE__UNIT___5932B97E,NULL
PART_SYNC,CREATE_DATE,DF__PART_SYNC__CREAT__6874FD0E,NULL
PART_SYNC,SUBSCRIPTIONS,DF__PART_SYNC__SUBSC__69692147,NULL
PART_TRACE_LOCATION,QTY,DF__PART_TRACE___QTY__6A5D4580,NULL
PART_WAREHOUSE,AVAILABLE_QTY,DF__PART_WARE__AVAIL__70161ED6,NULL
PART_WAREHOUSE,COMMITTED_CO,DF__PART_WARE__COMMI__6C458DF2,NULL
PART_WAREHOUSE,COMMITTED_IBT,DF__PART_WARE__COMMI__6F21FA9D,NULL
PART_WAREHOUSE,COMMITTED_PLREQ,DF__PART_WARE__COMMI__6E2DD664,NULL
PART_WAREHOUSE,COMMITTED_REQ,DF__PART_WARE__COMMI__6D39B22B,NULL
PART_WAREHOUSE,COUNT_SEQUENCE,DF__PART_WARE__COUNT__7F586266,NULL
PART_WAREHOUSE,EXPECT_COMMIT_CO,DF__PART_WARE__EXPEC__74DAD3F3,NULL
PART_WAREHOUSE,EXPECT_COMMIT_IBT,DF__PART_WARE__EXPEC__77B7409E,NULL
PART_WAREHOUSE,EXPECT_COMMIT_PLR,DF__PART_WARE__EXPEC__76C31C65,NULL
PART_WAREHOUSE,EXPECT_COMMIT_REQ,DF__PART_WARE__EXPEC__75CEF82C,NULL
PART_WAREHOUSE,EXPECTED_IBT,DF__PART_WARE__EXPEC__73E6AFBA,NULL
PART_WAREHOUSE,EXPECTED_PL,DF__PART_WARE__EXPEC__72F28B81,NULL
PART_WAREHOUSE,EXPECTED_PO,DF__PART_WARE__EXPEC__710A430F,NULL
PART_WAREHOUSE,EXPECTED_WO,DF__PART_WARE__EXPEC__71FE6748,NULL
PART_WAREHOUSE,LOCKED_QTY,DF__PART_WARE__LOCKE__7B87D182,NULL
PART_WAREHOUSE,MIN_INV_QTY,DF__PART_WARE__MIN_I__6B5169B9,NULL
PART_WAREHOUSE,ON_HOLD_QTY,DF__PART_WARE__ON_HO__7A93AD49,NULL
PART_WAREHOUSE,ORDER_POLICY,DF__PART_WARE__ORDER__7E643E2D,NULL
PART_WAREHOUSE,OUTBOUND_QTY,DF__PART_WARE__OUTBO__799F8910,NULL
PART_WAREHOUSE,PLANNING_LEADTIME,DF__PART_WARE__PLANN__7D7019F4,NULL
PART_WAREHOUSE,UNALLOC_DEMAND_QTY,DF__PART_WARE__UNALL__78AB64D7,NULL
PART_WAREHOUSE,UNAVAILABLE_QTY,DF__PART_WARE__UNAVA__7C7BF5BB,NULL
PAYABLE,CREATE_DATE,DF__PAYABLE__CREATE___004C869F,NULL
PAYABLE,CURRENCY_ID,DF__PAYABLE__CURRENC__08E1CCA0,NULL
PAYABLE,DISCOUNT_TAKEN,DF__PAYABLE__DISCOUN__0328F34A,NULL
PAYABLE,MARKED_FOR_PURGE,DF__PAYABLE__MARKED___06055FF5,NULL
PAYABLE,PAID_AMOUNT,DF__PAYABLE__PAID_AM__0234CF11,NULL
PAYABLE,PAY_STATUS,DF__PAYABLE__PAY_STA__0140AAD8,NULL
PAYABLE,POSTING_CANDIDATE,DF__PAYABLE__POSTING__0ACA1512,NULL
PAYABLE,STATUS_EFF_DATE,DF__PAYABLE__STATUS___0BBE394B,NULL
PAYABLE,TERMS_DISC_TYPE,DF__PAYABLE__TERMS_D__05113BBC,NULL
PAYABLE,TERMS_NET_TYPE,DF__PAYABLE__TERMS_N__041D1783,NULL
PAYABLE,USER_EXCH_RATE,DF__PAYABLE__USER_EX__09D5F0D9,NULL
PAYABLE,WH_ALLOWED_AMOUNT,DF__PAYABLE__WH_ALLO__07EDA867,NULL
PAYABLE,WITHHELD_AMOUNT,DF__PAYABLE__WITHHEL__06F9842E,NULL
PAYABLE_CURR,AMOUNT,DF__PAYABLE_C__AMOUN__0CB25D84,NULL
PAYABLE_CURR,BUY_RATE,DF__PAYABLE_C__BUY_R__0E9AA5F6,NULL
PAYABLE_CURR,SELL_RATE,DF__PAYABLE_C__SELL___0DA681BD,NULL
PAYABLE_DIST,CREATE_DATE,DF__PAYABLE_D__CREAT__0F8ECA2F,NULL
PAYABLE_DIST,CURRENCY_ID,DF__PAYABLE_D__CURRE__1082EE68,NULL
PAYABLE_INST,PAY_STATUS,DF__PAYABLE_I__PAY_S__117712A1,NULL
PAYABLE_LINE,COST_CATEGORY,DF__PAYABLE_L__COST___14537F4C,NULL
PAYABLE_LINE,DISC_ALLOWED,DF__PAYABLE_L__DISC___135F5B13,NULL
PAYABLE_LINE,FIXED_CHARGE,DF__PAYABLE_L__FIXED__126B36DA,NULL
PAYB_LINE_CURR,AMOUNT,DF__PAYB_LINE__AMOUN__1547A385,NULL
PAYB_LINE_CURR,BUY_RATE,DF__PAYB_LINE__BUY_R__172FEBF7,NULL
PAYB_LINE_CURR,SELL_RATE,DF__PAYB_LINE__SELL___163BC7BE,NULL
PERIOD,USE_TRANS_RATES,DF__PERIOD__USE_TRAN__18241030,NULL
PERSON,IS_APPROVER,DF__PERSON__IS_APPRO__19183469,NULL
PERSON,IS_BUYER,DF__PERSON__IS_BUYER__1A0C58A2,NULL
PERSON,IS_PLANNER,DF__PERSON__IS_PLANN__1B007CDB,NULL
PERSON,IS_REQUESTER,DF__PERSON__IS_REQUE__1BF4A114,NULL
PHYS_COUNT_LOC_ADJ,ADJUST_QTY,DF__PHYS_COUN__ADJUS__1DDCE986,NULL
PHYS_COUNT_LOC_ADJ,CREATE_DATE,DF__PHYS_COUN__CREAT__1ED10DBF,NULL
PHYS_COUNT_LOC_ADJ,LOCATION_QTY,DF__PHYS_COUN__LOCAT__1CE8C54D,NULL
PHYS_COUNT_TAG,STATUS_EFF_DATE,DF__PHYS_COUN__STATU__1FC531F8,NULL
PHYS_INV_PIECES,STATUS,DF__PHYS_INV___STATU__20B95631,NULL
PHYSICAL_COUNT,LOCK_INVENTORY,DF__PHYSICAL___LOCK___2395C2DC,NULL
PHYSICAL_COUNT,START_DATE,DF__PHYSICAL___START__21AD7A6A,NULL
PHYSICAL_COUNT,STATUS,DF__PHYSICAL___STATU__22A19EA3,NULL
PHYSICAL_COUNT,STATUS_EFF_DATE,DF__PHYSICAL___STATU__2489E715,NULL
PREFERENCES,IS_ACTIVE,DF__PREFERENC__IS_AC__2DDF127C,NULL
PREFERENCES,IS_GLOBAL,DF__PREFERENC__IS_GL__2CEAEE43,NULL
PROCESS_ACTIVITY,ACTUAL_COST,DF__PROCESS_A__ACTUA__665875C9,NULL
PROCESS_ACTIVITY,ACTUAL_DAYS,DF__PROCESS_A__ACTUA__64702D57,NULL
PROCESS_ACTIVITY,CREATE_DATE,DF__PROCESS_A__CREAT__6840BE3B,NULL
PROCESS_ACTIVITY,PERCENT_COMPLETE,DF__PROCESS_A__PERCE__674C9A02,NULL
PROCESS_ACTIVITY,STANDARD_COST,DF__PROCESS_A__STAND__65645190,NULL
PROCESS_ACTIVITY,STANDARD_DAYS,DF__PROCESS_A__STAND__637C091E,NULL
PROCESS_TYPE,CREATE_DATE,DF__PROCESS_T__CREAT__5CCF0B8F,NULL
PROCESS_TYPE_LINE,CREATE_DATE,DF__PROCESS_T__CREAT__609F9C73,NULL
PROCESS_TYPE_LINE,STANDARD_DAYS,DF__PROCESS_T__STAND__5FAB783A,NULL
PRODUCT,ACTIVE_FLAG,DF__PRODUCT__ACTIVE___1879E142,NULL
PRODUCT_SYNC,CREATE_DATE,DF__PRODUCT_S__CREAT__257E0B4E,NULL
PRODUCT_SYNC,SUBSCRIPTIONS,DF__PRODUCT_S__SUBSC__26722F87,NULL
PROFILES,CREATE_DATE,DF__PROFILES__CREATE__276653C0,NULL
PROJ_DIST_DETAIL,CURRENCY_ID,DF__PROJ_DIST__CURRE__2A42C06B,NULL
PROJ_DIST_DETAIL,SOURCE_LINE_NO,DF__PROJ_DIST__SOURC__294E9C32,NULL
PROJ_DIST_DETAIL,SOURCE_TRANS_ID,DF__PROJ_DIST__SOURC__285A77F9,NULL
PROJECT_DIST,CREATE_DATE,DF__PROJECT_D__CREAT__2B36E4A4,NULL
PROJECT_DIST,CURRENCY_ID,DF__PROJECT_D__CURRE__2C2B08DD,NULL
PROJECT_EAC_POC,CREATE_DATE,DF__PROJECT_E__CREAT__2D1F2D16,NULL
PURC_GROUP_USER,CREATE_DATE,DF__PURC_GROU__CREAT__2E13514F,NULL
PURC_LINE_DEL,ALLOCATED_QTY,DF__PURC_LINE__ALLOC__32D8066C,NULL
PURC_LINE_DEL,FULFILLED_QTY,DF__PURC_LINE__FULFI__33CC2AA5,NULL
PURC_LINE_DEL,ORDER_QTY,DF__PURC_LINE__ORDER__2FFB99C1,NULL
PURC_LINE_DEL,RECEIVED_QTY,DF__PURC_LINE__RECEI__30EFBDFA,NULL
PURC_LINE_DEL,USER_ORDER_QTY,DF__PURC_LINE__USER___2F077588,NULL
PURC_LINE_DEL,USER_RECEIVED_QTY,DF__PURC_LINE__USER___31E3E233,NULL
PURC_MATL_DETAIL,CURRENCY_ID,DF__PURC_MATL__CURRE__34C04EDE,NULL
PURC_ORDER_CURR,AMOUNT,DF__PURC_ORDE__AMOUN__35B47317,NULL
PURC_ORDER_CURR,BUY_RATE,DF__PURC_ORDE__BUY_R__379CBB89,NULL
PURC_ORDER_CURR,SELL_RATE,DF__PURC_ORDE__SELL___36A89750,NULL
PURC_ORDER_LINE,ALLOCATED_QTY,DF__PURC_ORDE__ALLOC__421A49FC,NULL
PURC_ORDER_LINE,EMAIL_NOTIFICATION,DF__PURC_ORDE__EMAIL__2549CC7B,NULL
PURC_ORDER_LINE,EST_FREIGHT,DF__PURC_ORDE__EST_F__398503FB,NULL
PURC_ORDER_LINE,FULFILLED_QTY,DF__PURC_ORDE__FULFI__430E6E35,NULL
PURC_ORDER_LINE,LINE_STATUS,DF__PURC_ORDE__LINE___3A792834,NULL
PURC_ORDER_LINE,POSTING_CANDIDATE,DF__PURC_ORDE__POSTI__44F6B6A7,NULL
PURC_ORDER_LINE,STATUS_EFF_DATE,DF__PURC_ORDE__STATU__4402926E,NULL
PURC_ORDER_LINE,TOTAL_ACT_FREIGHT,DF__PURC_ORDE__TOTAL__3B6D4C6D,NULL
PURC_ORDER_LINE,TOTAL_AMT_ORDERED,DF__PURC_ORDE__TOTAL__3F3DDD51,NULL
PURC_ORDER_LINE,TOTAL_AMT_RECVD,DF__PURC_ORDE__TOTAL__3E49B918,NULL
PURC_ORDER_LINE,TOTAL_DISPATCH_QTY,DF__PURC_ORDE__TOTAL__4032018A,NULL
PURC_ORDER_LINE,TOTAL_RECEIVED_QTY,DF__PURC_ORDE__TOTAL__3D5594DF,NULL
PURC_ORDER_LINE,TOTAL_USR_DISP_QTY,DF__PURC_ORDE__TOTAL__412625C3,NULL
PURC_ORDER_LINE,TOTAL_USR_RECD_QTY,DF__PURC_ORDE__TOTAL__3C6170A6,NULL
PURC_ORDER_LINE,TRADE_DISC_PERCENT,DF__PURC_ORDE__TRADE__3890DFC2,NULL
PURC_ORDER_SYNC,CREATE_DATE,DF__PURC_ORDE__CREAT__45EADAE0,NULL
PURC_ORDER_SYNC,SUBSCRIPTIONS,DF__PURC_ORDE__SUBSC__46DEFF19,NULL
PURC_REQ_CURR,AMOUNT,DF__PURC_REQ___AMOUN__47D32352,NULL
PURC_REQ_CURR,BUY_RATE,DF__PURC_REQ___BUY_R__49BB6BC4,NULL
PURC_REQ_CURR,SELL_RATE,DF__PURC_REQ___SELL___48C7478B,NULL
PURC_REQ_LINE,ALLOCATED_QTY,DF__PURC_REQ___ALLOC__4F74451A,NULL
PURC_REQ_LINE,EST_FREIGHT,DF__PURC_REQ___EST_F__4BA3B436,NULL
PURC_REQ_LINE,FULFILLED_QTY,DF__PURC_REQ___FULFI__50686953,NULL
PURC_REQ_LINE,LINE_STATUS,DF__PURC_REQ___LINE___4C97D86F,NULL
PURC_REQ_LINE,STATUS_EFF_DATE,DF__PURC_REQ___STATU__515C8D8C,NULL
PURC_REQ_LINE,TOTAL_AMT_ORDERED,DF__PURC_REQ___TOTAL__4E8020E1,NULL
PURC_REQ_LINE,TOTAL_AMT_RECVD,DF__PURC_REQ___TOTAL__4D8BFCA8,NULL
PURC_REQ_LINE,TRADE_DISC_PERCENT,DF__PURC_REQ___TRADE__4AAF8FFD,NULL
PURC_REQ_LINE,UNIT_PRICE,DF_UNIT_PRICE,NULL
PURC_REQUISITION,EXCH_RATE_FIXED,DF__PURC_REQU__EXCH___562142A9,NULL
PURC_REQUISITION,MARKED_FOR_PURGE,DF__PURC_REQU__MARKE__552D1E70,NULL
PURC_REQUISITION,REQUISITION_DATE,DF__PURC_REQU__REQUI__5250B1C5,NULL
PURC_REQUISITION,STATUS,DF__PURC_REQU__STATU__5344D5FE,NULL
PURC_REQUISITION,STATUS_EFF_DATE,DF__PURC_REQU__STATU__58FDAF54,NULL
PURC_REQUISITION,TERMS_DISC_TYPE,DF__PURC_REQU__TERMS__58098B1B,NULL
PURC_REQUISITION,TERMS_NET_TYPE,DF__PURC_REQU__TERMS__571566E2,NULL
PURC_REQUISITION,TOTAL_AMT_ORDERED,DF__PURC_REQU__TOTAL__5438FA37,NULL
PURC_SERV_DETAIL,CURRENCY_ID,DF__PURC_SERV__CURRE__59F1D38D,NULL
PURCHASE_CONTRACT,CREATE_DATE,DF__PURCHASE___CREAT__5BDA1BFF,NULL
PURCHASE_CONTRACT,STATUS_EFF_DATE,DF__PURCHASE___STATU__5AE5F7C6,NULL
PURCHASE_DIST,CREATE_DATE,DF__PURCHASE___CREAT__5CCE4038,NULL
PURCHASE_DIST,CURRENCY_ID,DF__PURCHASE___CURRE__5DC26471,NULL
PURCHASE_ORDER,BACK_ORDER,DF__PURCHASE___BACK___609ED11C,NULL
PURCHASE_ORDER,CONSIGNMENT,DF__PURCHASE___CONSI__674BCEAB,NULL
PURCHASE_ORDER,CREATE_DATE,DF__PURCHASE___CREAT__6657AA72,NULL
PURCHASE_ORDER,EMAIL_EMPL_ON_CHG_ORDER,DF__PURCHASE___EMAIL__2A0E8198,NULL
PURCHASE_ORDER,EMAIL_EMPL_ON_INV_PAID,DF__PURCHASE___EMAIL__2BF6CA0A,NULL
PURCHASE_ORDER,EMAIL_EMPL_ON_NEW_ORDER,DF__PURCHASE___EMAIL__291A5D5F,NULL
PURCHASE_ORDER,EMAIL_EMPL_ON_PO_RECEIPT,DF__PURCHASE___EMAIL__2B02A5D1,NULL
PURCHASE_ORDER,EMAIL_NOTIFICATION,DF__PURCHASE___EMAIL__2455A842,NULL
PURCHASE_ORDER,EMAIL_VEND_ON_CHG_ORDER,DF__PURCHASE___EMAIL__273214ED,NULL
PURCHASE_ORDER,EMAIL_VEND_ON_NEW_ORDER,DF__PURCHASE___EMAIL__263DF0B4,NULL
PURCHASE_ORDER,EMAIL_VEND_ON_PO_RECEIPT,DF__PURCHASE___EMAIL__28263926,NULL
PURCHASE_ORDER,EXCH_RATE_FIXED,DF__PURCHASE___EXCH___65638639,NULL
PURCHASE_ORDER,MARKED_FOR_PURGE,DF__PURCHASE___MARKE__646F6200,NULL
PURCHASE_ORDER,ORDER_DATE,DF__PURCHASE___ORDER__5EB688AA,NULL
PURCHASE_ORDER,POSTING_CANDIDATE,DF__PURCHASE___POSTI__6192F555,NULL
PURCHASE_ORDER,STATUS,DF__PURCHASE___STATU__5FAAACE3,NULL
PURCHASE_ORDER,STATUS_EFF_DATE,DF__PURCHASE___STATU__683FF2E4,NULL
PURCHASE_ORDER,TOTAL_AMT_ORDERED,DF__PURCHASE___TOTAL__6287198E,NULL
PURCHASE_ORDER,TOTAL_AMT_RECVD,DF__PURCHASE___TOTAL__637B3DC7,NULL
QUERY,AUTO_JOIN,DF__QUERY__AUTO_JOIN__385CA0EF,NULL
QUERY,CREATE_DATE,DF__QUERY__CREATE_DA__6C5B67E2,NULL
QUOTE,CREATE_DATE,DF__QUOTE__CREATE_DA__6D04A801,NULL
QUOTE,FREIGHT_TERMS,DF__QUOTE__FREIGHT_T__6C1083C8,NULL
QUOTE,STATUS,DF__QUOTE__STATUS__6934171D,NULL
QUOTE,STATUS_EFF_DATE,DF__QUOTE__STATUS_EF__6DF8CC3A,NULL
QUOTE,TERMS_DISC_TYPE,DF__QUOTE__TERMS_DIS__6B1C5F8F,NULL
QUOTE,TERMS_NET_TYPE,DF__QUOTE__TERMS_NET__6A283B56,NULL
QUOTE_LINE,CREATE_DATE,DF__QUOTE_LIN__CREAT__6EECF073,NULL
QUOTE_LINE_BILLING,CREATE_DATE,DF__QUOTE_LIN__CREAT__6FE114AC,NULL
QUOTE_OPT_BINARY,BITS_LENGTH,DF__QUOTE_OPT__BITS___70D538E5,NULL
QUOTE_ORDER,CREATE_DATE,DF__QUOTE_ORD__CREAT__71C95D1E,NULL
QUOTE_ORDER_LINE,CREATE_DATE,DF__QUOTE_ORD__CREAT__697EFB37,NULL
QUOTE_PRICE,CREATE_DATE,DF__QUOTE_PRI__CREAT__73B1A590,NULL
QUOTE_PRICE,IN_PROFORMA,DF__QUOTE_PRI__IN_PR__72BD8157,NULL
QUOTE_PRICE,IN_TOTAL,DF__QUOTE_PRI__IN_TO__74A5C9C9,NULL
RCR_GJ,CREATE_DATE,DF__RCR_GJ__CREATE_D__7599EE02,NULL
RCR_PAYABLE,CREATE_DATE,DF__RCR_PAYAB__CREAT__768E123B,NULL
RCR_PAYABLE,TERMS_DISC_TYPE,DF__RCR_PAYAB__TERMS__78765AAD,NULL
RCR_PAYABLE,TERMS_NET_TYPE,DF__RCR_PAYAB__TERMS__77823674,NULL
RCR_PAYABLE,TRIGGER_FREQ,DF__RCR_PAYAB__TRIGG__796A7EE6,NULL
RCR_RECEIVABLE,CREATE_DATE,DF__RCR_RECEI__CREAT__7A5EA31F,NULL
RCR_RECEIVABLE,CURRENCY_ID,DF__RCR_RECEI__CURRE__7E2F3403,NULL
RCR_RECEIVABLE,TERMS_DISC_TYPE,DF__RCR_RECEI__TERMS__7C46EB91,NULL
RCR_RECEIVABLE,TERMS_NET_TYPE,DF__RCR_RECEI__TERMS__7B52C758,NULL
RCR_RECEIVABLE,TRIGGER_FREQ,DF__RCR_RECEI__TRIGG__7D3B0FCA,NULL
RECEIVABLE,COMM_PAID_AMOUNT,DF__RECEIVABL__COMM___08ACC276,NULL
RECEIVABLE,CREATE_DATE,DF__RECEIVABL__CREAT__04DC3192,NULL
RECEIVABLE,DISCOUNT_GIVEN,DF__RECEIVABL__DISCO__010BA0AE,NULL
RECEIVABLE,FREIGHT_TERMS,DF__RECEIVABL__FREIG__03E80D59,NULL
RECEIVABLE,MARKED_FOR_PURGE,DF__RECEIVABL__MARKE__06C47A04,NULL
RECEIVABLE,PAID_AMOUNT,DF__RECEIVABL__PAID___00177C75,NULL
RECEIVABLE,STATUS,DF__RECEIVABL__STATU__05D055CB,NULL
RECEIVABLE,TERMS_DISC_TYPE,DF__RECEIVABL__TERMS__02F3E920,NULL
RECEIVABLE,TERMS_NET_TYPE,DF__RECEIVABL__TERMS__01FFC4E7,NULL
RECEIVABLE,TYPE,DF__RECEIVABLE__TYPE__7F23583C,NULL
RECEIVABLE,USER_EXCH_RATE,DF__RECEIVABL__USER___07B89E3D,NULL
RECEIVABLE_CURR,AMOUNT,DF__RECEIVABL__AMOUN__09A0E6AF,NULL
RECEIVABLE_CURR,BUY_RATE,DF__RECEIVABL__BUY_R__0B892F21,NULL
RECEIVABLE_CURR,SELL_RATE,DF__RECEIVABL__SELL___0A950AE8,NULL
RECEIVABLE_DIST,CREATE_DATE,DF__RECEIVABL__CREAT__0D717793,NULL
RECEIVABLE_DIST,CURRENCY_ID,DF__RECEIVABL__CURRE__0E659BCC,NULL
RECEIVABLE_DIST,POSTING_STATUS,DF__RECEIVABL__POSTI__0C7D535A,NULL
RECEIVABLE_SCHED,AMOUNT,DF__RECEIVABL__AMOUN__0F59C005,NULL
RECEIVER,CREATE_DATE,DF__RECEIVER__CREATE__104DE43E,NULL
RECEIVER,MARKED_FOR_PURGE,DF__RECEIVER__MARKED__11420877,NULL
RECEIVER_LINE,RECEIVED_QTY,DF__RECEIVER_LINE__VM__00000002,NULL
RECEIVER_LINE,USER_RECEIVED_QTY,DF__RECEIVER_LINE__VM__00000001,NULL
RECEIVER_LINE_DEL,RECEIVED_QTY,DF__RECEIVER___RECEI__132A50E9,NULL
RECEIVER_LINE_DEL,USER_RECEIVED_QTY,DF__RECEIVER___USER___12362CB0,NULL
REPORT_LINE,SECTION_BREAK,DF__REPORT_LI__SECTI__141E7522,NULL
REPORT_LINE,SHOW_TRANSACTIONS,DF__REPORT_LI__SHOW___1512995B,NULL
REQUEST_FOR_QUOTE,CREATE_DATE,DF__REQUEST_F__CREAT__16FAE1CD,NULL
REQUEST_FOR_QUOTE,STATUS,DF__REQUEST_F__STATU__1606BD94,NULL
REQUEST_FOR_QUOTE,STATUS_EFF_DATE,DF__REQUEST_F__STATU__17EF0606,NULL
REQUIREMENT,ACT_BURDEN_COST,DF__REQUIREME__ACT_B__2B01DA7A,NULL
REQUIREMENT,ACT_LABOR_COST,DF__REQUIREME__ACT_L__2A0DB641,NULL
REQUIREMENT,ACT_MATERIAL_COST,DF__REQUIREME__ACT_M__29199208,NULL
REQUIREMENT,ACT_SERVICE_COST,DF__REQUIREME__ACT_S__2BF5FEB3,NULL
REQUIREMENT,ALLOCATED_QTY,DF__REQUIREME__ALLOC__2DDE4725,NULL
REQUIREMENT,BURDEN_PER_UNIT,DF__REQUIREME__BURDE__20844C07,NULL
REQUIREMENT,BURDEN_PERCENT,DF__REQUIREME__BURDE__1F9027CE,NULL
REQUIREMENT,EST_BURDEN_COST,DF__REQUIREME__EST_B__2360B8B2,NULL
REQUIREMENT,EST_LABOR_COST,DF__REQUIREME__EST_L__226C9479,NULL
REQUIREMENT,EST_MATERIAL_COST,DF__REQUIREME__EST_M__21787040,NULL
REQUIREMENT,EST_SERVICE_COST,DF__REQUIREME__EST_S__2454DCEB,NULL
REQUIREMENT,FIXED_QTY,DF__REQUIREME__FIXED__18E32A3F,NULL
REQUIREMENT,FULFILLED_QTY,DF__REQUIREME__FULFI__2ED26B5E,NULL
REQUIREMENT,ISSUED_QTY,DF__REQUIREME__ISSUE__1ACB72B1,NULL
REQUIREMENT,PROTECT_COST,DF__REQUIREME__PROTE__2CEA22EC,NULL
REQUIREMENT,REM_BURDEN_COST,DF__REQUIREME__REM_B__27314996,NULL
REQUIREMENT,REM_LABOR_COST,DF__REQUIREME__REM_L__263D255D,NULL
REQUIREMENT,REM_MATERIAL_COST,DF__REQUIREME__REM_M__25490124,NULL
REQUIREMENT,REM_SERVICE_COST,DF__REQUIREME__REM_S__28256DCF,NULL
REQUIREMENT,SCRAP_PERCENT,DF__REQUIREME__SCRAP__19D74E78,NULL
REQUIREMENT,STATUS_EFF_DATE,DF__REQUIREME__STATU__2FC68F97,NULL
REQUIREMENT,UNIT_BURDEN_COST,DF__REQUIREME__UNIT___1DA7DF5C,NULL
REQUIREMENT,UNIT_LABOR_COST,DF__REQUIREME__UNIT___1CB3BB23,NULL
REQUIREMENT,UNIT_MATERIAL_COST,DF__REQUIREME__UNIT___1BBF96EA,NULL
REQUIREMENT,UNIT_SERVICE_COST,DF__REQUIREME__UNIT___1E9C0395,NULL
REQUIREMENT_SUM,EST_BURDEN_COST,DF__REQUIREME__EST_B__32A2FC42,NULL
REQUIREMENT_SUM,EST_LABOR_COST,DF__REQUIREME__EST_L__31AED809,NULL
REQUIREMENT_SUM,EST_MATERIAL_COST,DF__REQUIREME__EST_M__30BAB3D0,NULL
REQUIREMENT_SUM,EST_SERVICE_COST,DF__REQUIREME__EST_S__3397207B,NULL
REQUIREMENT_SUM,REM_BURDEN_COST,DF__REQUIREME__REM_B__36738D26,NULL
REQUIREMENT_SUM,REM_LABOR_COST,DF__REQUIREME__REM_L__357F68ED,NULL
REQUIREMENT_SUM,REM_MATERIAL_COST,DF__REQUIREME__REM_M__348B44B4,NULL
REQUIREMENT_SUM,REM_SERVICE_COST,DF__REQUIREME__REM_S__3767B15F,NULL
REVALUE,CREATE_DATE,DF__REVALUE__CREATE___385BD598,NULL
REVALUE_CURR,AVG_BUY_RATE,DF__REVALUE_C__AVG_B__3C2C667C,NULL
REVALUE_CURR,AVG_SELL_RATE,DF__REVALUE_C__AVG_S__3B384243,NULL
REVALUE_CURR,BUY_RATE,DF__REVALUE_C__BUY_R__3A441E0A,NULL
REVALUE_CURR,SELL_RATE,DF__REVALUE_C__SELL___394FF9D1,NULL
REVALUE_DIST,CREATE_DATE,DF__REVALUE_D__CREAT__3E14AEEE,NULL
REVALUE_DIST,POSTING_STATUS,DF__REVALUE_D__POSTI__3D208AB5,NULL
REVENUE_DETAIL,CURRENCY_ID,DF__REVENUE_D__CURRE__3F08D327,NULL
REVENUE_DETAIL,TARGET_REVENUE,DF__REVENUE_D__TARGE__40F11B99,NULL
REVENUE_DETAIL,TRANSACTION_DATE,DF__REVENUE_D__TRANS__3FFCF760,NULL
REVENUE_DIST,CREATE_DATE,DF__REVENUE_D__CREAT__41E53FD2,NULL
REVENUE_DIST,CURRENCY_ID,DF__REVENUE_D__CURRE__43CD8844,NULL
REVENUE_DIST,TRANSACTION_DATE,DF__REVENUE_D__TRANS__42D9640B,NULL
REVISION_HISTORY,CREATE_DATE,DF__REVISION___CREAT__44C1AC7D,NULL
RFQ_LINE,CREATE_DATE,DF__RFQ_LINE__CREATE__45B5D0B6,NULL
RFQ_VENDOR_QUOTE,DEF_UNIT_PRICE_CURR,DF__RFQ_VENDO__DEF_U__48923D61,NULL
RFQ_VENDOR_QUOTE,DEFAULT_UNIT_PRICE,DF__RFQ_VENDO__DEFAU__46A9F4EF,NULL
RFQ_VENDOR_QUOTE,STATUS,DF__RFQ_VENDO__STATU__479E1928,NULL
RFQ_VENDOR_QUOTE,STATUS_EFF_DATE,DF__RFQ_VENDO__STATU__4986619A,NULL
RMA,CREATE_DATE,DF__RMA__CREATE_DATE__4A7A85D3,NULL
RMA,STATUS_EFF_DATE,DF__RMA__STATUS_EFF___4B6EAA0C,NULL
RMA_LINE,LINE_STATUS,DF__RMA_LINE__LINE_S__4F3F3AF0,NULL
RMA_LINE,QTY,DF__RMA_LINE__QTY__4C62CE45,NULL
RMA_LINE,RECEIVED_QTY,DF__RMA_LINE__RECEIV__4D56F27E,NULL
RMA_LINE,SHIPPED_QTY,DF__RMA_LINE__SHIPPE__4E4B16B7,NULL
RMA_SYNC,CREATE_DATE,DF__RMA_SYNC__CREATE__50335F29,NULL
RMA_SYNC,SUBSCRIPTIONS,DF__RMA_SYNC__SUBSCR__51278362,NULL
SALES_REP,PAY_METHOD,DF__SALES_REP__PAY_M__521BA79B,NULL
SCHEDULE,ACTIVE,DF__SCHEDULE__ACTIVE__54F81446,NULL
SCHEDULE,IN_PROCESS,DF__SCHEDULE__IN_PRO__3397EBD2,NULL
SCHEDULE,INFINITE_CAPACITY,DF__SCHEDULE__INFINI__530FCBD4,NULL
SCHEDULE,MATERIALS_CHECKED,DF__SCHEDULE__MATERI__5403F00D,NULL
SCHEDULE,SERVICES_CHECKED,DF__SCHEDULE__SERVIC__55EC387F,NULL
SCHEDULER_RUN_LOG,COUNT,DF__SCHEDULER__COUNT__56E05CB8,NULL
SCHEDULER_RUN_LOG,CREATE_DATE,DF__SCHEDULER__CREAT__5BA511D5,NULL
SCHEDULER_RUN_LOG,ERROR_COUNT,DF__SCHEDULER__ERROR__5AB0ED9C,NULL
SCHEDULER_RUN_LOG,OPERATIONS,DF__SCHEDULER__OPERA__58C8A52A,NULL
SCHEDULER_RUN_LOG,REQUIREMENTS,DF__SCHEDULER__REQUI__59BCC963,NULL
SCHEDULER_RUN_LOG,WORK_ORDERS,DF__SCHEDULER__WORK___57D480F1,NULL
SEMAPHORE,EVENT_NO,DF__SEMAPHORE__EVENT__5C99360E,NULL
SERVICE,STATUS_EFF_DATE,DF__SERVICE__STATUS___5D8D5A47,NULL
SERVICE_DISP_LINE,ACT_FREIGHT,DF__SERVICE_D__ACT_F__5F75A2B9,NULL
SERVICE_DISP_LINE,RECEIVED_QTY,DF__SERVICE_D__RECEI__5E817E80,NULL
SERVICE_DISPATCH,CREATE_DATE,DF__SERVICE_D__CREAT__6069C6F2,NULL
SERVICE_DISPATCHED,CREATE_DATE,DF__SERVICE_D__CREAT__615DEB2B,NULL
SERVICE_RCPT_CURR,ACT_BURDEN_COST,DF__SERVICE_R__ACT_B__643A57D6,NULL
SERVICE_RCPT_CURR,ACT_LABOR_COST,DF__SERVICE_R__ACT_L__6346339D,NULL
SERVICE_RCPT_CURR,ACT_MATERIAL_COST,DF__SERVICE_R__ACT_M__62520F64,NULL
SERVICE_RCPT_CURR,ACT_SERVICE_COST,DF__SERVICE_R__ACT_S__652E7C0F,NULL
SERVICE_RCPT_CURR,BUY_RATE,DF__SERVICE_R__BUY_R__6716C481,NULL
SERVICE_RCPT_CURR,SELL_RATE,DF__SERVICE_R__SELL___6622A048,NULL
SERVICE_RECEIPT,ACT_BURDEN_COST,DF__SERVICE_R__ACT_B__6BDB799E,NULL
SERVICE_RECEIPT,ACT_SERVICE_COST,DF__SERVICE_R__ACT_S__69F3312C,NULL
SERVICE_RECEIPT,BAD_QTY,DF__SERVICE_R__BAD_Q__68FF0CF3,NULL
SERVICE_RECEIPT,CREATE_DATE,DF__SERVICE_R__CREAT__6AE75565,NULL
SERVICE_RECEIPT,FIXED_COST,DF__SERVICE_R__FIXED__680AE8BA,NULL
SERVICE_SITE,EST_BASE_CHARGE,DF__SERVICE_S__EST_B__6DC3C210,NULL
SERVICE_SITE,EST_COST_PER_UNIT,DF__SERVICE_S__EST_C__6EB7E649,NULL
SERVICE_SITE,EST_MIN_CHARGE,DF__SERVICE_S__EST_M__6CCF9DD7,NULL
SERVICE_SITE,STATUS_EFF_DATE,DF__SERVICE_S__STATU__6FAC0A82,NULL
SHIFT_DAY,BREAK1_MANUAL,DF__SHIFT_DAY__BREAK__737C9B66,NULL
SHIFT_DAY,BREAK1_TYPE,DF__SHIFT_DAY__BREAK__7288772D,NULL
SHIFT_DAY,BREAK2_MANUAL,DF__SHIFT_DAY__BREAK__7564E3D8,NULL
SHIFT_DAY,BREAK2_TYPE,DF__SHIFT_DAY__BREAK__7470BF9F,NULL
SHIFT_DAY,BREAK3_MANUAL,DF__SHIFT_DAY__BREAK__774D2C4A,NULL
SHIFT_DAY,BREAK3_TYPE,DF__SHIFT_DAY__BREAK__76590811,NULL
SHIFT_DAY,MEAL_MANUAL,DF__SHIFT_DAY__MEAL___719452F4,NULL
SHIFT_DAY,MEAL_TYPE,DF__SHIFT_DAY__MEAL___70A02EBB,NULL
SHIP_VIA_SYNC,CREATE_DATE,DF__SHIP_VIA___CREAT__78415083,NULL
SHIP_VIA_SYNC,SUBSCRIPTIONS,DF__SHIP_VIA___SUBSC__793574BC,NULL
SHIPMENT_DETAIL,CURRENCY_ID,DF__SHIPMENT___CURRE__7A2998F5,NULL
SHIPMENT_DIST,CREATE_DATE,DF__SHIPMENT___CREAT__7B1DBD2E,NULL
SHIPMENT_DIST,CURRENCY_ID,DF__SHIPMENT___CURRE__7C11E167,NULL
SHIPPER,CREATE_DATE,DF__SHIPPER__CREATE___7D0605A0,NULL
SHIPPER,MARKED_FOR_PURGE,DF__SHIPPER__MARKED___7DFA29D9,NULL
SHIPPER,STATUS,DF__SHIPPER__STATUS__7EEE4E12,NULL
SHIPPER,STATUS_EFF_DATE,DF__SHIPPER__STATUS___7FE2724B,NULL
SHIPPER_INVOICE,INVOICE_CANDIDATE,DF__SHIPPER_I__INVOI__60DF9395,NULL
SHIPPER_LINE_DEL,SHIPPED_QTY,DF__SHIPPER_L__SHIPP__01CABABD,NULL
SHIPPER_LINE_DEL,USER_SHIPPED_QTY,DF__SHIPPER_L__USER___00D69684,NULL
SHIPTO_ALT_WAREHS,RANK,DF__SHIPTO_ALT__RANK__02BEDEF6,NULL
SHOP_RESOURCE,AUTO_REPORTING,DF__SHOP_RESO__AUTO___04A72768,NULL
SHOP_RESOURCE,EXCLUSIVITY,DF__SHOP_RESO__EXCLU__068F6FDA,NULL
SHOP_RESOURCE,SCHEDULE_NORMALLY,DF__SHOP_RESO__SCHED__03B3032F,NULL
SHOP_RESOURCE,SHIFT_1_CAPACITY,DF__SHOP_RESO__SHIFT__07839413,NULL
SHOP_RESOURCE,SHIFT_2_CAPACITY,DF__SHOP_RESO__SHIFT__0877B84C,NULL
SHOP_RESOURCE,SHIFT_3_CAPACITY,DF__SHOP_RESO__SHIFT__096BDC85,NULL
SHOP_RESOURCE,STATUS_RANK,DF__SHOP_RESO__STATU__0A6000BE,NULL
SHOP_RESOURCE,TYPE,DF__SHOP_RESOU__TYPE__059B4BA1,NULL
SHOP_RESOURCE_SITE,BUR_PER_HR_RUN,DF__SHOP_RESO__BUR_P__0E3091A2,NULL
SHOP_RESOURCE_SITE,BUR_PER_HR_SETUP,DF__SHOP_RESO__BUR_P__0D3C6D69,NULL
SHOP_RESOURCE_SITE,BUR_PER_OPERATION,DF__SHOP_RESO__BUR_P__12012286,NULL
SHOP_RESOURCE_SITE,BUR_PER_UNIT_RUN,DF__SHOP_RESO__BUR_P__12F546BF,NULL
SHOP_RESOURCE_SITE,BUR_PERCENT_RUN,DF__SHOP_RESO__BUR_P__110CFE4D,NULL
SHOP_RESOURCE_SITE,BUR_PERCENT_SETUP,DF__SHOP_RESO__BUR_P__1018DA14,NULL
SHOP_RESOURCE_SITE,RUN_COST_PER_HR,DF__SHOP_RESO__RUN_C__0C484930,NULL
SHOP_RESOURCE_SITE,RUN_COST_PER_UNIT,DF__SHOP_RESO__RUN_C__0F24B5DB,NULL
SHOP_RESOURCE_SITE,SETUP_COST_PER_HR,DF__SHOP_RESO__SETUP__0B5424F7,NULL
SIC_SYNC,CREATE_DATE,DF__SIC_SYNC__CREATE__13E96AF8,NULL
SIC_SYNC,SUBSCRIPTIONS,DF__SIC_SYNC__SUBSCR__14DD8F31,NULL
SITE,ADD_LOC_ON_FLY,DF__SITE__ADD_LOC_ON__16C5D7A3,NULL
SITE,ALLOC_TO_LATER_DEM,DF__SITE__ALLOC_TO_L__17B9FBDC,NULL
SITE,AUTO_ISSUE_METHOD,DF__SITE__AUTO_ISSUE__7115FB5E,NULL
SITE,DEF_SHIPPER_STATUS,DF__SITE__DEF_SHIPPE__15D1B36A,NULL
SITE,FREE_WO_SHIP_BUF,DF__SITE__FREE_WO_SH__7B889CD9,NULL
SITE,MAX_QTY_COMPLETE,DF__SITE__MAX_QTY_CO__28D0449C,NULL
SITE,MRP_IN_PROCESS,DF__SITE__MRP_IN_PRO__348C100B,NULL
SITE,PERCENT_COMPL,DF__SITE__PERCENT_CO__26E7FC2A,NULL
SITE,PERIOD_TYPE,DF__SITE__PERIOD_TYP__7C7CC112,NULL
SITE,PERIODS_PER_YEAR,DF__SITE__PERIODS_PE__7D70E54B,NULL
SITE,PLM_ENABLED,DF__SITE__PLM_ENABLE__015684C8,NULL
SITE,QTY_COMPL_BY_HRS,DF__SITE__QTY_COMPL___27DC2063,NULL
SITE,VENDOR_EXCLUSION,DF__SITE__VENDOR_EXC__18AE2015,NULL
SIZING,MODIFY_DATE,DF__SIZING__MODIFY_D__2C80D9EF,NULL
SOA_CODE_LIST,CREATE_DATE,DF__SOA_CODE___CREAT__19A2444E,NULL
SOA_DIMENSION,CREATE_DATE,DF__SOA_DIMEN__CREAT__1A966887,NULL
SOA_DOC_SYNC,CREATE_DATE,DF__SOA_DOC_S__CREAT__7D85F3E4,NULL
SOA_ID_MAP,CREATE_DATE,DF__SOA_ID_MA__CREAT__1B8A8CC0,NULL
SOA_NOUN,USE_GEN_SERVICE,DF__SOA_NOUN__USE_GE__1C7EB0F9,NULL
SPLIT_TRANS,ACT_BURDEN_COST,DF__SPLIT_TRA__ACT_B__241FD2C1,NULL
SPLIT_TRANS,ACT_LABOR_COST,DF__SPLIT_TRA__ACT_L__232BAE88,NULL
SPLIT_TRANS,ACT_MATERIAL_COST,DF__SPLIT_TRA__ACT_M__22378A4F,NULL
SPLIT_TRANS,ACT_SERVICE_COST,DF__SPLIT_TRA__ACT_S__2513F6FA,NULL
SPLIT_TRANS,CREATE_DATE,DF__SPLIT_TRA__CREAT__1D72D532,NULL
SPLIT_TRANS,EST_BURDEN_COST,DF__SPLIT_TRA__EST_B__204F41DD,NULL
SPLIT_TRANS,EST_LABOR_COST,DF__SPLIT_TRA__EST_L__1F5B1DA4,NULL
SPLIT_TRANS,EST_MATERIAL_COST,DF__SPLIT_TRA__EST_M__1E66F96B,NULL
SPLIT_TRANS,EST_SERVICE_COST,DF__SPLIT_TRA__EST_S__21436616,NULL
SPLIT_TRANS,REM_BURDEN_COST,DF__SPLIT_TRA__REM_B__27F063A5,NULL
SPLIT_TRANS,REM_LABOR_COST,DF__SPLIT_TRA__REM_L__26FC3F6C,NULL
SPLIT_TRANS,REM_MATERIAL_COST,DF__SPLIT_TRA__REM_M__26081B33,NULL
SPLIT_TRANS,REM_SERVICE_COST,DF__SPLIT_TRA__REM_S__28E487DE,NULL
SPLIT_TRANS_CURR,ACT_BURDEN_COST,DF__SPLIT_TRA__ACT_B__2BC0F489,NULL
SPLIT_TRANS_CURR,ACT_LABOR_COST,DF__SPLIT_TRA__ACT_L__2ACCD050,NULL
SPLIT_TRANS_CURR,ACT_MATERIAL_COST,DF__SPLIT_TRA__ACT_M__29D8AC17,NULL
SPLIT_TRANS_CURR,ACT_SERVICE_COST,DF__SPLIT_TRA__ACT_S__2CB518C2,NULL
SPLIT_TRANS_CURR,BUY_RATE,DF__SPLIT_TRA__BUY_R__2E9D6134,NULL
SPLIT_TRANS_CURR,SELL_RATE,DF__SPLIT_TRA__SELL___2DA93CFB,NULL
SUMMARY_TABLE,TOTAL_AMOUNT,DF__SUMMARY_T__TOTAL__2F91856D,NULL
SUPPLIER_PREFERENCES,CREATE_DATE,DF__SUPPLIER___CREAT__66A28E8C,NULL
SUPPLIER_PREFERENCES,LAST_MOD_DATE,DF__SUPPLIER___LAST___65AE6A53,NULL
SUPPLIER_PREFERENCES,NCM_QTY,DF__SUPPLIER___NCM_Q__62D1FDA8,NULL
SUPPLIER_PREFERENCES,OLDEST_PO_DATE,DF__SUPPLIER___OLDES__64BA461A,NULL
SUPPLIER_PREFERENCES,QTY_PERCENT,DF__SUPPLIER___QTY_P__63C621E1,NULL
TABLE_LIST,CREATE_DATE,DF__TABLE_LIS__CREAT__3179CDDF,NULL
TABLE_LIST,LAST_MOD_DATE,DF__TABLE_LIS__LAST___3085A9A6,NULL
TASK,CREATE_DATE,DF__TASK__CREATE_DAT__326DF218,NULL
TASK,STATUS_EFF_DATE,DF__TASK__STATUS_EFF__33621651,NULL
TASK_REJ_CODES,CREATE_DATE,DF__TASK_REJ___CREAT__34563A8A,NULL
TERMS,DISC_TYPE,DF__TERMS__DISC_TYPE__363E82FC,NULL
TERMS,FREIGHT_TERMS,DF__TERMS__FREIGHT__TERMS,NULL
TERMS,NET_TYPE,DF__TERMS__NET_TYPE__354A5EC3,NULL
TERMS_INST,INST_PERCENT,DF__TERMS_INS__INST___3732A735,NULL
TERRITORY_SYNC,CREATE_DATE,DF__TERRITORY__CREAT__3826CB6E,NULL
TERRITORY_SYNC,SUBSCRIPTIONS,DF__TERRITORY__SUBSC__391AEFA7,NULL
TEST,HOURS_REPORTED,DF__TEST__HOURS_REPO__3B033819,NULL
TEST,QTY_REPORTED,DF__TEST__QTY_REPORT__3A0F13E0,NULL
TEST_RESULT,STATUS,DF__TEST_RESU__STATU__3BF75C52,NULL
TEST_STEP,DECISION_ID,DF__TEST_STEP__DECIS__3CEB808B,NULL
TEST_STEP,GAGE_ID,DF__TEST_STEP__GAGE___3DDFA4C4,NULL
TEST_STEP,SOLO_DIMENSION,DF__TEST_STEP__SOLO___3ED3C8FD,NULL
TRACE,ASSIGNED_QTY,DF__TRACE__ASSIGNED___40BC116F,NULL
TRACE,CREATE_DATE,DF__TRACE__CREATE_DA__41B035A8,NULL
TRACE,DISP_IN_QTY,DF__TRACE__DISP_IN_Q__42A459E1,NULL
TRACE,DISP_OUT_QTY,DF__TRACE__DISP_OUT___43987E1A,NULL
TRACE,REPORTED_QTY,DF__TRACE__REPORTED___3FC7ED36,NULL
TRACE,UNAVAILABLE_QTY,DF__TRACE__UNAVAILAB__448CA253,NULL
TRACE_HISTORY,CREATE_DATE,DF__TRACE_HIS__CREAT__4580C68C,NULL
TRACE_INV_TRANS,COSTED_QTY,DF__TRACE_INV__COSTE__47690EFE,NULL
TRACE_INV_TRANS,CREATE_DATE,DF__TRACE_INV__CREAT__4674EAC5,NULL
TRACE_LABOR_TRANS,CREATE_DATE,DF__TRACE_LAB__CREAT__485D3337,NULL
TRACE_PROFILE,ACCEPT_EXPIRED_RCV,DF__TRACE_PRO__ACCEP__752FD9AE,NULL
TRACE_PROFILE,APPLY_TO_ISSUE,DF__TRACE_PRO__APPLY__4A457BA9,NULL
TRACE_PROFILE,APPLY_TO_LABOR,DF__TRACE_PRO__APPLY__4B399FE2,NULL
TRACE_PROFILE,APPLY_TO_REC,DF__TRACE_PRO__APPLY__49515770,NULL
TRACE_PROFILE,APPLY_TO_SERVDISP,DF__TRACE_PRO__APPLY__6BA66F74,NULL
TRACE_PROFILE,APPLY_TO_SERVREC,DF__TRACE_PRO__APPLY__6C9A93AD,NULL
TRACE_PROFILE,APROPERTY_1_EDIT,DF__TRACE_PRO__APROP__579F76C7,NULL
TRACE_PROFILE,APROPERTY_1_KNOWN,DF__TRACE_PRO__APROP__79F48ECB,NULL
TRACE_PROFILE,APROPERTY_1_REQD,DF__TRACE_PRO__APROP__4E160C8D,NULL
TRACE_PROFILE,APROPERTY_1_VIS,DF__TRACE_PRO__APROP__6128E101,NULL
TRACE_PROFILE,APROPERTY_2_EDIT,DF__TRACE_PRO__APROP__58939B00,NULL
TRACE_PROFILE,APROPERTY_2_KNOWN,DF__TRACE_PRO__APROP__7AE8B304,NULL
TRACE_PROFILE,APROPERTY_2_REQD,DF__TRACE_PRO__APROP__4F0A30C6,NULL
TRACE_PROFILE,APROPERTY_2_VIS,DF__TRACE_PRO__APROP__621D053A,NULL
TRACE_PROFILE,APROPERTY_3_EDIT,DF__TRACE_PRO__APROP__5987BF39,NULL
TRACE_PROFILE,APROPERTY_3_KNOWN,DF__TRACE_PRO__APROP__7BDCD73D,NULL
TRACE_PROFILE,APROPERTY_3_REQD,DF__TRACE_PRO__APROP__4FFE54FF,NULL
TRACE_PROFILE,APROPERTY_3_VIS,DF__TRACE_PRO__APROP__63112973,NULL
TRACE_PROFILE,APROPERTY_4_EDIT,DF__TRACE_PRO__APROP__5A7BE372,NULL
TRACE_PROFILE,APROPERTY_4_KNOWN,DF__TRACE_PRO__APROP__7CD0FB76,NULL
TRACE_PROFILE,APROPERTY_4_REQD,DF__TRACE_PRO__APROP__50F27938,NULL
TRACE_PROFILE,APROPERTY_4_VIS,DF__TRACE_PRO__APROP__64054DAC,NULL
TRACE_PROFILE,APROPERTY_5_EDIT,DF__TRACE_PRO__APROP__5B7007AB,NULL
TRACE_PROFILE,APROPERTY_5_KNOWN,DF__TRACE_PRO__APROP__7DC51FAF,NULL
TRACE_PROFILE,APROPERTY_5_REQD,DF__TRACE_PRO__APROP__51E69D71,NULL
TRACE_PROFILE,APROPERTY_5_VIS,DF__TRACE_PRO__APROP__64F971E5,NULL
TRACE_PROFILE,ASSIGN_METHOD,DF__TRACE_PRO__ASSIG__4D21E854,NULL
TRACE_PROFILE,AVAILABLE,DF__TRACE_PRO__AVAIL__0A2AF694,NULL
TRACE_PROFILE,AVAILABLE_KNOWN,DF__TRACE_PRO__AVAIL__0B1F1ACD,NULL
TRACE_PROFILE,COLOCATE_ALPHAS,DF__TRACE_PRO__COLOC__7347913C,NULL
TRACE_PROFILE,COLOCATE_AVAILABLE,DF__TRACE_PRO__COLOC__0C133F06,NULL
TRACE_PROFILE,COLOCATE_LOTS,DF__TRACE_PRO__COLOC__715F48CA,NULL
TRACE_PROFILE,COLOCATE_NUMERICS,DF__TRACE_PRO__COLOC__743BB575,NULL
TRACE_PROFILE,COLOCATE_OWNERS,DF__TRACE_PRO__COLOC__706B2491,NULL
TRACE_PROFILE,COLOCATE_PROD,DF__TRACE_PRO__COLOC__065A65B0,NULL
TRACE_PROFILE,COLOCATE_REC_BY,DF__TRACE_PRO__COLOC__0936D25B,NULL
TRACE_PROFILE,COLOCATE_SHIP_BY,DF__TRACE_PRO__COLOC__0EEFABB1,NULL
TRACE_PROFILE,COUNT_DETAIL,DF__TRACE_PRO__COUNT__037DF905,NULL
TRACE_PROFILE,EDIT_EXP_DATE,DF__TRACE_PRO__EDIT___6AB24B3B,NULL
TRACE_PROFILE,EXPIRATION,DF__TRACE_PRO__EXPIR__72536D03,NULL
TRACE_PROFILE,EXPIRATION_KNOWN,DF__TRACE_PRO__EXPIR__79006A92,NULL
TRACE_PROFILE,LOT,DF__TRACE_PROFI__LOT__6E82DC1F,NULL
TRACE_PROFILE,LOT_KNOWN,DF__TRACE_PRO__LOT_K__77182220,NULL
TRACE_PROFILE,NPROPERTY_1_EDIT,DF__TRACE_PRO__NPROP__5C642BE4,NULL
TRACE_PROFILE,NPROPERTY_1_KNOWN,DF__TRACE_PRO__NPROP__7EB943E8,NULL
TRACE_PROFILE,NPROPERTY_1_REQD,DF__TRACE_PRO__NPROP__52DAC1AA,NULL
TRACE_PROFILE,NPROPERTY_1_VIS,DF__TRACE_PRO__NPROP__65ED961E,NULL
TRACE_PROFILE,NPROPERTY_2_EDIT,DF__TRACE_PRO__NPROP__5D58501D,NULL
TRACE_PROFILE,NPROPERTY_2_KNOWN,DF__TRACE_PRO__NPROP__7FAD6821,NULL
TRACE_PROFILE,NPROPERTY_2_REQD,DF__TRACE_PRO__NPROP__53CEE5E3,NULL
TRACE_PROFILE,NPROPERTY_2_VIS,DF__TRACE_PRO__NPROP__66E1BA57,NULL
TRACE_PROFILE,NPROPERTY_3_EDIT,DF__TRACE_PRO__NPROP__5E4C7456,NULL
TRACE_PROFILE,NPROPERTY_3_KNOWN,DF__TRACE_PRO__NPROP__00A18C5A,NULL
TRACE_PROFILE,NPROPERTY_3_REQD,DF__TRACE_PRO__NPROP__54C30A1C,NULL
TRACE_PROFILE,NPROPERTY_3_VIS,DF__TRACE_PRO__NPROP__67D5DE90,NULL
TRACE_PROFILE,NPROPERTY_4_EDIT,DF__TRACE_PRO__NPROP__5F40988F,NULL
TRACE_PROFILE,NPROPERTY_4_KNOWN,DF__TRACE_PRO__NPROP__0195B093,NULL
TRACE_PROFILE,NPROPERTY_4_REQD,DF__TRACE_PRO__NPROP__55B72E55,NULL
TRACE_PROFILE,NPROPERTY_4_VIS,DF__TRACE_PRO__NPROP__68CA02C9,NULL
TRACE_PROFILE,NPROPERTY_5_EDIT,DF__TRACE_PRO__NPROP__6034BCC8,NULL
TRACE_PROFILE,NPROPERTY_5_KNOWN,DF__TRACE_PRO__NPROP__0289D4CC,NULL
TRACE_PROFILE,NPROPERTY_5_REQD,DF__TRACE_PRO__NPROP__56AB528E,NULL
TRACE_PROFILE,NPROPERTY_5_VIS,DF__TRACE_PRO__NPROP__69BE2702,NULL
TRACE_PROFILE,OWNERSHIP,DF__TRACE_PRO__OWNER__6D8EB7E6,NULL
TRACE_PROFILE,OWNERSHIP_KNOWN,DF__TRACE_PRO__OWNER__7623FDE7,NULL
TRACE_PROFILE,PRE_ASSIGN,DF__TRACE_PRO__PRE_A__4C2DC41B,NULL
TRACE_PROFILE,PRODUCTION,DF__TRACE_PRO__PRODU__04721D3E,NULL
TRACE_PROFILE,PRODUCTION_KNOWN,DF__TRACE_PRO__PRODU__05664177,NULL
TRACE_PROFILE,RECEIVE_BY,DF__TRACE_PRO__RECEI__074E89E9,NULL
TRACE_PROFILE,RECEIVE_BY_KNOWN,DF__TRACE_PRO__RECEI__0842AE22,NULL
TRACE_PROFILE,SERIAL,DF__TRACE_PRO__SERIA__6F770058,NULL
TRACE_PROFILE,SERIAL_KNOWN,DF__TRACE_PRO__SERIA__780C4659,NULL
TRACE_PROFILE,SHIP_BY,DF__TRACE_PRO__SHIP___0D07633F,NULL
TRACE_PROFILE,SHIP_BY_KNOWN,DF__TRACE_PRO__SHIP___0DFB8778,NULL
TRACE_SERV_DISP,CREATE_DATE,DF__TRACE_SER__CREAT__0FE3CFEA,NULL
TRACE_SERV_TRANS,CREATE_DATE,DF__TRACE_SER__CREAT__10D7F423,NULL
TRANSIT_TIME,DAYS,DF__TRANSIT_TI__DAYS__11CC185C,NULL
USER_DIM_MAPPING,EFFECTIVE_DATE,DF__USER_DIM___EFFEC__12C03C95,NULL
USER_DIMENSION,IS_RESERVED,DF__USER_DIME__IS_RE__14A88507,NULL
USER_DIMENSION,IS_SUMMARY,DF__USER_DIME__IS_SU__13B460CE,NULL
USER_FLD_AUTHORITY,PERMISSION,DF__USER_FLD___PERMI__159CA940,NULL
USER_PGM_AUTHORITY,PERMISSION,DF__USER_PGM___PERMI__1690CD79,NULL
V_ACCOUNT,ACCEPT_EARLY,DF__V_ACCOUNT__ACCEP__1784F1B2,NULL
V_ACCOUNT,ACCT_CATEGORY,DF__V_ACCOUNT__ACCT___27BB597B,NULL
V_ACCOUNT,BACKORDER,DF__V_ACCOUNT__BACKO__187915EB,NULL
V_ACCOUNT,CURRENCY_ID,DF__V_ACCOUNT__CURRE__1B558296,NULL
V_ACCOUNT,DUNNING_LETTERS,DF__V_ACCOUNT__DUNNI__1C49A6CF,NULL
V_ACCOUNT,FOLLOW_UP,DF__V_ACCOUNT__FOLLO__1D3DCB08,NULL
V_ACCOUNT,OPEN_DATE,DF__V_ACCOUNT__OPEN___1E31EF41,NULL
V_ACCOUNT,RMA_REQUIRED,DF__V_ACCOUNT__RMA_R__22F6A45E,NULL
V_ACCOUNT,TAX_EXEMPT,DF__V_ACCOUNT__TAX_E__23EAC897,NULL
V_ACCOUNT,TAX_ON_WHOLESALE,DF__V_ACCOUNT__TAX_O__24DEECD0,NULL
V_ACCT_BINARY,BITS_LENGTH,DF__V_ACCT_BI__BITS___28AF7DB4,NULL
V_ACCT_BINARY,TYPE,DF__V_ACCT_BIN__TYPE__29A3A1ED,NULL
V_ACCT_CONTACT,CREATE_DATE,DF__V_ACCT_CO__CREAT__38479256,NULL
V_ACCT_ENTITY,CREATE_DATE,DF__V_ACCT_EN__CREAT__2DCA03E3,NULL
V_ACCT_ENTITY,CREDIT_LIMIT_CTL,DF__V_ACCT_EN__CREDI__29054EC6,NULL
V_ACCT_ENTITY,CREDIT_STATUS,DF__V_ACCT_EN__CREDI__28112A8D,NULL
V_ACCT_ENTITY,OPEN_ORDER_COUNT,DF__V_ACCT_EN__OPEN___2BE1BB71,NULL
V_ACCT_ENTITY,OPEN_RECV_COUNT,DF__V_ACCT_EN__OPEN___2CD5DFAA,NULL
V_ACCT_ENTITY,TOTAL_OPEN_ORDERS,DF__V_ACCT_EN__TOTAL__29F972FF,NULL
V_ACCT_ENTITY,TOTAL_OPEN_RECV,DF__V_ACCT_EN__TOTAL__2AED9738,NULL
V_ACCT_SITE,CREATE_DATE,DF__V_ACCT_SI__CREAT__3382DD39,NULL
V_ACCT_SITE,ORDER_FILL_RATE,DF__V_ACCT_SI__ORDER__328EB900,NULL
V_ADDRESS,TAX_EXEMPT,DF__V_ADDRESS__TAX_E__2A97C626,NULL
V_CALL_BINARY,BITS_LENGTH,DF__V_CALL_BI__BITS___2C800E98,NULL
V_CALL_BINARY,TYPE,DF__V_CALL_BIN__TYPE__2B8BEA5F,NULL
V_CALL_ISS_BINARY,BITS_LENGTH,DF__V_CALL_IS__BITS___2E68570A,NULL
V_CALL_ISS_BINARY,TYPE,DF__V_CALL_ISS__TYPE__2D7432D1,NULL
V_CALL_ISSUE,PRIORITY_ID,DF__V_CALL_IS__PRIOR__2F5C7B43,NULL
V_CALL_RES_BINARY,BITS_LENGTH,DF__V_CALL_RE__BITS___3144C3B5,NULL
V_CALL_RES_BINARY,TYPE,DF__V_CALL_RES__TYPE__30509F7C,NULL
V_CALL_RESOLUTION,BILL,DF__V_CALL_RES__BILL__3238E7EE,NULL
V_CALL_RESOLUTION,BILLING_RATE,DF__V_CALL_RE__BILLI__332D0C27,NULL
V_CALL_RESOLUTION,HRS_WORKED,DF__V_CALL_RE__HRS_W__34213060,NULL
V_COMMIS_SHARE,SHARE_PCT,DF__V_COMMIS___SHARE__35155499,NULL
V_CONTACT,CREATE_DATE,DF__V_CONTACT__CREAT__360978D2,NULL
V_CONTACT,FOLLOW_UP,DF__V_CONTACT__FOLLO__36FD9D0B,NULL
V_CONTACT,SEMINAR_INVITE,DF__V_CONTACT__SEMIN__37F1C144,NULL
V_CONTACT,SEND_NEWS,DF__V_CONTACT__SEND___38E5E57D,NULL
V_CONTACT,SEND_PROMO,DF__V_CONTACT__SEND___39DA09B6,NULL
V_CONTACT_BINARY,BITS_LENGTH,DF__V_CONTACT__BITS___3ACE2DEF,NULL
V_CONTACT_BINARY,TYPE,DF__V_CONTACT___TYPE__3BC25228,NULL
V_CONTR_BINARY,BITS_LENGTH,DF__V_CONTR_B__BITS___3DAA9A9A,NULL
V_CONTR_BINARY,TYPE,DF__V_CONTR_BI__TYPE__3CB67661,NULL
V_CONTR_ITEM,AUTO_GENERATE,DF__V_CONTR_I__AUTO___3E9EBED3,NULL
V_CONTR_ITEM,EXCLUDED,DF__V_CONTR_I__EXCLU__3F92E30C,NULL
V_CONTR_ITEM,QTY,DF__V_CONTR_ITE__QTY__40870745,NULL
V_CONTR_ITEM_BIN,BITS_LENGTH,DF__V_CONTR_I__BITS___426F4FB7,NULL
V_CONTR_ITEM_BIN,TYPE,DF__V_CONTR_IT__TYPE__417B2B7E,NULL
V_CONTR_TYPE,DEPOSIT_AMOUNT,DF__V_CONTR_T__DEPOS__454BBC62,NULL
V_CONTR_TYPE,EXP_MKUP_PERCENT,DF__V_CONTR_T__EXP_M__436373F0,NULL
V_CONTR_TYPE,MTL_MKUP_PERCENT,DF__V_CONTR_T__MTL_M__44579829,NULL
V_CONTR_TYPE,PMT_AMOUNT,DF__V_CONTR_T__PMT_A__463FE09B,NULL
V_CONTR_TYPE,PMT_FREQ,DF__V_CONTR_T__PMT_F__473404D4,NULL
V_CONTR_TYPE,STATUS,DF__V_CONTR_T__STATU__4828290D,NULL
V_CONTRACT,EXP_MKUP_PERCENT,DF__V_CONTRAC__EXP_M__491C4D46,NULL
V_CONTRACT,MTL_MKUP_PERCENT,DF__V_CONTRAC__MTL_M__4A10717F,NULL
V_EMP_MATRIX,BILLING_RATE,DF__V_EMP_MAT__BILLI__4BF8B9F1,NULL
V_EMP_MATRIX,RATING,DF__V_EMP_MAT__RATIN__4B0495B8,NULL
V_FILTER,BITS_LENGTH,DF__V_FILTER__BITS_L__4DE10263,NULL
V_FILTER,DEFAULT_FILTER,DF__V_FILTER__DEFAUL__4CECDE2A,NULL
V_GRID_LAYOUT,FIELD_NAME,DF__V_GRID_LA__FIELD__4ED5269C,NULL
V_GRID_LAYOUT,FIELD_POSITION,DF__V_GRID_LA__FIELD__51B19347,NULL
V_GRID_LAYOUT,HIDE,DF__V_GRID_LAY__HIDE__4FC94AD5,NULL
V_GRID_LAYOUT,LOCKED,DF__V_GRID_LA__LOCKE__50BD6F0E,NULL
V_GRID_LAYOUT,REQUIRED,DF__V_GRID_LA__REQUI__52A5B780,NULL
V_GRID_LAYOUT,UDF_ENABLE,DF__V_GRID_LA__UDF_E__5399DBB9,NULL
V_GRID_LAYOUT,USER_REQUIRED,DF__V_GRID_LA__USER___548DFFF2,NULL
V_HISTORY,AUTO_NOTE,DF__V_HISTORY__AUTO___56764864,NULL
V_HISTORY,REL_TYPE,DF__V_HISTORY__REL_T__5582242B,NULL
V_INST,PERIOD_TYPE,DF__V_INST__PERIOD_T__576A6C9D,NULL
V_INST_LINE,INST_PERCENT,DF__V_INST_LI__INST___585E90D6,NULL
V_INV_BINARY,BITS_LENGTH,DF__V_INV_BIN__BITS___5A46D948,NULL
V_INV_BINARY,TYPE,DF__V_INV_BINA__TYPE__5952B50F,NULL
V_INV_LN_BINARY,BITS_LENGTH,DF__V_INV_LN___BITS___5C2F21BA,NULL
V_INV_LN_BINARY,TYPE,DF__V_INV_LN_B__TYPE__5B3AFD81,NULL
V_INVOICE,TERMS_DISC_TYPE,DF__V_INVOICE__TERMS__5E176A2C,NULL
V_INVOICE,TERMS_NET_TYPE,DF__V_INVOICE__TERMS__5D2345F3,NULL
V_MISC_FIELDS,BINARY_CHANGED,DF__V_MISC_FI__BINAR__60F3D6D7,NULL
V_MISC_FIELDS,EDIT_FROM_DETAIL,DF__V_MISC_FI__EDIT___5FFFB29E,NULL
V_MISC_FIELDS,IS_DELETED,DF__V_MISC_FI__IS_DE__5F0B8E65,NULL
V_MISC_FIELDS,IS_DIRTY,DF__V_MISC_FI__IS_DI__61E7FB10,NULL
V_OPPORTUNITY,FOLLOW_UP,DF__V_OPPORTU__FOLLO__63D04382,NULL
V_OPPORTUNITY,FORECAST,DF__V_OPPORTU__FOREC__62DC1F49,NULL
V_OPTY_BINARY,BITS_LENGTH,DF__V_OPTY_BI__BITS___65B88BF4,NULL
V_OPTY_BINARY,TYPE,DF__V_OPTY_BIN__TYPE__64C467BB,NULL
V_OPTY_CURR,AMOUNT,DF__V_OPTY_CU__AMOUN__66ACB02D,NULL
V_OPTY_CURR,BUY_RATE,DF__V_OPTY_CU__BUY_R__67A0D466,NULL
V_OPTY_CURR,CREATE_DATE,DF__V_OPTY_CU__CREAT__69891CD8,NULL
V_OPTY_CURR,SELL_RATE,DF__V_OPTY_CU__SELL___6894F89F,NULL
V_PAYABLE_DIST,CREATE_DATE,DF__V_PAYABLE__CREAT__6B71654A,NULL
V_PAYABLE_DIST,CURRENCY_ID,DF__V_PAYABLE__CURRE__6C658983,NULL
V_PAYABLE_DIST,POSTING_STATUS,DF__V_PAYABLE__POSTI__6A7D4111,NULL
V_QTE_LINE_BINARY,BITS_LENGTH,DF__V_QTE_LIN__BITS___6E4DD1F5,NULL
V_QTE_LINE_BINARY,TYPE,DF__V_QTE_LINE__TYPE__6D59ADBC,NULL
V_QUOTE,FOLLOW_UP,DF__V_QUOTE__FOLLOW___6F41F62E,NULL
V_QUOTE_BINARY,BITS_LENGTH,DF__V_QUOTE_B__BITS___712A3EA0,NULL
V_QUOTE_BINARY,TYPE,DF__V_QUOTE_BI__TYPE__70361A67,NULL
V_QUOTE_CURR,AMOUNT,DF__V_QUOTE_C__AMOUN__721E62D9,NULL
V_QUOTE_CURR,BUY_RATE,DF__V_QUOTE_C__BUY_R__73128712,NULL
V_QUOTE_CURR,CREATE_DATE,DF__V_QUOTE_C__CREAT__74FACF84,NULL
V_QUOTE_CURR,SELL_RATE,DF__V_QUOTE_C__SELL___7406AB4B,NULL
V_QUOTE_ESTIMATE,EST_LINE_NO,DF__V_QUOTE_E__EST_L__75EEF3BD,NULL
V_QUOTE_ESTIMATE,QUOTE_LINE_NO,DF__V_QUOTE_E__QUOTE__76E317F6,NULL
V_QUOTE_ORDER,ORDER_LINE_NO,DF__V_QUOTE_O__ORDER__77D73C2F,NULL
V_QUOTE_ORDER,QUOTE_LINE_NO,DF__V_QUOTE_O__QUOTE__78CB6068,NULL
V_QUOTE_PART,HAS_SPECS,DF__V_QUOTE_P__HAS_S__7AB3A8DA,NULL
V_QUOTE_PART,REQUIRED,DF__V_QUOTE_P__REQUI__79BF84A1,NULL
V_RECV_DIST,CREATE_DATE,DF__V_RECV_DI__CREAT__7BA7CD13,NULL
V_RECV_DIST,CURRENCY_ID,DF__V_RECV_DI__CURRE__7C9BF14C,NULL
V_RECV_DIST,NATIVE,DF__V_RECV_DI__NATIV__7D901585,NULL
V_RECV_DIST,POSTING_STATUS,DF__V_RECV_DI__POSTI__7E8439BE,NULL
V_RECV_DIST_LINE,CURRENCY_ID,DF__V_RECV_DI__CURRE__7F785DF7,NULL
V_RECV_DIST_LINE,POSTING_STATUS,DF__V_RECV_DI__POSTI__006C8230,NULL
V_RPT,HAS_CHILD,DF__V_RPT__HAS_CHILD__0160A669,NULL
V_SHOP_RESOURCE,ID,DF__V_SHOP_RESOU__ID__0254CAA2,NULL
V_SO_EXP_BINARY,BITS_LENGTH,DF__V_SO_EXP___BITS___043D1314,NULL
V_SO_EXP_BINARY,TYPE,DF__V_SO_EXP_B__TYPE__0348EEDB,NULL
V_SO_LBR_BINARY,BITS_LENGTH,DF__V_SO_LBR___BITS___06255B86,NULL
V_SO_LBR_BINARY,TYPE,DF__V_SO_LBR_B__TYPE__0531374D,NULL
V_SO_MTL_BINARY,BITS_LENGTH,DF__V_SO_MTL___BITS___080DA3F8,NULL
V_SO_MTL_BINARY,TYPE,DF__V_SO_MTL_B__TYPE__07197FBF,NULL
V_SO_OPR_BINARY,BITS_LENGTH,DF__V_SO_OPR___BITS___09F5EC6A,NULL
V_SO_OPR_BINARY,TYPE,DF__V_SO_OPR_B__TYPE__0901C831,NULL
V_SO_VND_BINARY,BITS_LENGTH,DF__V_SO_VND___BITS___0BDE34DC,NULL
V_SO_VND_BINARY,TYPE,DF__V_SO_VND_B__TYPE__0AEA10A3,NULL
V_SRVC_ORDER,EXP_MKUP_PERCENT,DF__V_SRVC_OR__EXP_M__0CD25915,NULL
V_SRVC_ORDER,MTL_MKUP_PERCENT,DF__V_SRVC_OR__MTL_M__0DC67D4E,NULL
V_SRVCORD_BINARY,BITS_LENGTH,DF__V_SRVCORD__BITS___0FAEC5C0,NULL
V_SRVCORD_BINARY,TYPE,DF__V_SRVCORD___TYPE__0EBAA187,NULL
V_SRVCORD_EXP,ACT_AMOUNT,DF__V_SRVCORD__ACT_A__165BC34F,NULL
V_SRVCORD_EXP,BILL,DF__V_SRVCORD___BILL__10A2E9F9,NULL
V_SRVCORD_EXP,BUY_RATE,DF__V_SRVCORD__BUY_R__18440BC1,NULL
V_SRVCORD_EXP,DISCOUNT_PERCENT,DF__V_SRVCORD__DISCO__1B20786C,NULL
V_SRVCORD_EXP,EST_QTY,DF__V_SRVCORD__EST_Q__137F56A4,NULL
V_SRVCORD_EXP,EXCH_RATE_FIXED,DF__V_SRVCORD__EXCH___1A2C5433,NULL
V_SRVCORD_EXP,FIXED_MKUP,DF__V_SRVCORD__FIXED__11970E32,NULL
V_SRVCORD_EXP,MKUP_PERCENT,DF__V_SRVCORD__MKUP___128B326B,NULL
V_SRVCORD_EXP,PAY,DF__V_SRVCORD_E__PAY__14737ADD,NULL
V_SRVCORD_EXP,POSTING_CANDIDATE,DF__V_SRVCORD__POSTI__174FE788,NULL
V_SRVCORD_EXP,SELL_RATE,DF__V_SRVCORD__SELL___19382FFA,NULL
V_SRVCORD_EXP,UNIT_COST,DF__V_SRVCORD__UNIT___15679F16,NULL
V_SRVCORD_LBR,ACT_LBR_HRS,DF__V_SRVCORD__ACT_L__1C149CA5,NULL
V_SRVCORD_LBR,LBR_RATE,DF__V_SRVCORD__LBR_R__1D08C0DE,NULL
V_SRVCORD_MTL,ACT_AMOUNT,DF__V_SRVCORD__ACT_A__20D951C2,NULL
V_SRVCORD_MTL,ACT_QTY,DF__V_SRVCORD__ACT_Q__21CD75FB,NULL
V_SRVCORD_MTL,BILL,DF__V_SRVCORD___BILL__1DFCE517,NULL
V_SRVCORD_MTL,COMMISSION_PERCENT,DF__V_SRVCORD__COMMI__1EF10950,NULL
V_SRVCORD_MTL,DISCOUNT_PERCENT,DF__V_SRVCORD__DISCO__1FE52D89,NULL
V_SRVCORD_MTL,POSTING_CANDIDATE,DF__V_SRVCORD__POSTI__22C19A34,NULL
V_SRVCORD_MTL,UNIT_PRICE,DF__V_SRVCORD__UNIT___23B5BE6D,NULL
V_SRVCORD_OPER,BILL,DF__V_SRVCORD___BILL__24A9E2A6,NULL
V_SRVCORD_OPER,COMMISSION_PERCENT,DF__V_SRVCORD__COMMI__259E06DF,NULL
V_SRVCORD_OPER,DISCOUNT_PERCENT,DF__V_SRVCORD__DISCO__26922B18,NULL
V_SRVCORD_VNDR,ACT_AMOUNT,DF__V_SRVCORD__ACT_A__2E334CE0,NULL
V_SRVCORD_VNDR,BILL,DF__V_SRVCORD___BILL__27864F51,NULL
V_SRVCORD_VNDR,BUY_RATE,DF__V_SRVCORD__BUY_R__2F277119,NULL
V_SRVCORD_VNDR,COMMISSION_PERCENT,DF__V_SRVCORD__COMMI__287A738A,NULL
V_SRVCORD_VNDR,DISCOUNT_PERCENT,DF__V_SRVCORD__DISCO__2A62BBFC,NULL
V_SRVCORD_VNDR,EST_AMOUNT,DF__V_SRVCORD__EST_A__2B56E035,NULL
V_SRVCORD_VNDR,FIXED_MKUP,DF__V_SRVCORD__FIXED__2C4B046E,NULL
V_SRVCORD_VNDR,MKUP_PERCENT,DF__V_SRVCORD__MKUP___2D3F28A7,NULL
V_SRVCORD_VNDR,POSTING_CANDIDATE,DF__V_SRVCORD__POSTI__310FB98B,NULL
V_SRVCORD_VNDR,RECEIVED,DF__V_SRVCORD__RECEI__32F801FD,NULL
V_SRVCORD_VNDR,RECV_QTY,DF__V_SRVCORD__RECV___3203DDC4,NULL
V_SRVCORD_VNDR,SELL_RATE,DF__V_SRVCORD__SELL___301B9552,NULL
V_SRVCORD_VNDR,UNIT_COST,DF__V_SRVCORD__UNIT___296E97C3,NULL
V_SYNC_USER,ACTIVE,DF__V_SYNC_US__ACTIV__33EC2636,NULL
V_TASK,REL_NO,DF__V_TASK__REL_NO__35D46EA8,NULL
V_TASK,USER_NOTE,DF__V_TASK__USER_NOT__34E04A6F,NULL
V_TASK_BINARY,BITS_LENGTH,DF__V_TASK_BI__BITS___37BCB71A,NULL
V_TASK_BINARY,TYPE,DF__V_TASK_BIN__TYPE__36C892E1,NULL
VAT,TYPE,DF__VAT__TYPE__32A3C799,NULL
VAT_BOOK,AP_INVOICES,DF__VAT_BOOK__AP_INV__3A9923C5,NULL
VAT_BOOK,AP_MEMOS,DF__VAT_BOOK__AP_MEM__3B8D47FE,NULL
VAT_BOOK,AR_INVOICES,DF__VAT_BOOK__AR_INV__38B0DB53,NULL
VAT_BOOK,AR_MEMOS,DF__VAT_BOOK__AR_MEM__39A4FF8C,NULL
VAT_BOOK,LEADING_ZEROS,DF__VAT_BOOK__LEADIN__3D759070,NULL
VAT_BOOK,REPORT_TYPE,DF__VAT_BOOK__REPORT__3C816C37,NULL
VEND_CONTACT,PRIMARY_CONTACT,DF__VEND_CONT__PRIMA__3E69B4A9,NULL
VENDOR,CURRENCY_ID,DF__VENDOR__CURRENCY__423A458D,NULL
VENDOR,EMAIL_EMPL_ON_CHG_ORDER,DF__VENDOR__EMAIL_EM__21793B97,NULL
VENDOR,EMAIL_EMPL_ON_INV_PAID,DF__VENDOR__EMAIL_EM__23618409,NULL
VENDOR,EMAIL_EMPL_ON_NEW_ORDER,DF__VENDOR__EMAIL_EM__2085175E,NULL
VENDOR,EMAIL_EMPL_ON_PO_RECEIPT,DF__VENDOR__EMAIL_EM__226D5FD0,NULL
VENDOR,EMAIL_VEND_ON_CHG_ORDER,DF__VENDOR__EMAIL_VE__1E9CCEEC,NULL
VENDOR,EMAIL_VEND_ON_NEW_ORDER,DF__VENDOR__EMAIL_VE__1DA8AAB3,NULL
VENDOR,EMAIL_VEND_ON_PO_RECEIPT,DF__VENDOR__EMAIL_VE__1F90F325,NULL
VENDOR,MATCH_TYPE,DF__VENDOR__MATCH_TY__432E69C6,NULL
VENDOR,PAYMENT_METHOD,DF__VENDOR__PAYMENT___44228DFF,NULL
VENDOR,REPORT_1099_MISC,DF__VENDOR__REPORT_1__3F5DD8E2,NULL
VENDOR,STATUS_EFF_DATE,DF__VENDOR__STATUS_E__47F31EE3,NULL
VENDOR,TERMS_DISC_TYPE,DF__VENDOR__TERMS_DI__41462154,NULL
VENDOR,TERMS_NET_TYPE,DF__VENDOR__TERMS_NE__4051FD1B,NULL
VENDOR,vat_always_disc,DF__VENDOR__vat_alwa__460AD671,NULL
VENDOR,vat_discounted,DF__VENDOR__vat_disc__4516B238,NULL
VENDOR,vat_override_seq,DF__VENDOR__vat_over__46FEFAAA,NULL
VENDOR_BANK,IS_DEFAULT,DF__VENDOR_BA__IS_DE__48E7431C,NULL
VENDOR_ENTITY,OPEN_ORDER_COUNT,DF__VENDOR_EN__OPEN___4BC3AFC7,NULL
VENDOR_ENTITY,OPEN_PAYB_COUNT,DF__VENDOR_EN__OPEN___4CB7D400,NULL
VENDOR_ENTITY,TOTAL_OPEN_ORDERS,DF__VENDOR_EN__TOTAL__49DB6755,NULL
VENDOR_ENTITY,TOTAL_OPEN_PAYB,DF__VENDOR_EN__TOTAL__4ACF8B8E,NULL
VENDOR_QUOTE,DEF_UNIT_PRICE_CURR,DF__VENDOR_QU__DEF_U__4EA01C72,NULL
VENDOR_QUOTE,DEFAULT_UNIT_PRICE,DF__VENDOR_QU__DEFAU__4DABF839,NULL
VENDOR_SERV_QUOTE,BASE_CHARGE,DF__VENDOR_SE__BASE___517C891D,NULL
VENDOR_SERV_QUOTE,DEF_UNIT_PRICE_CURR,DF__VENDOR_SE__DEF_U__5270AD56,NULL
VENDOR_SERV_QUOTE,DEFAULT_UNIT_PRICE,DF__VENDOR_SE__DEFAU__4F9440AB,NULL
VENDOR_SERV_QUOTE,MINIMUM_CHARGE,DF__VENDOR_SE__MINIM__508864E4,NULL
VENDOR_SERVICE,EST_BASE_CHARGE,DF__VENDOR_SE__EST_B__554D1A01,NULL
VENDOR_SERVICE,EST_COST_PER_UNIT,DF__VENDOR_SE__EST_C__5364D18F,NULL
VENDOR_SERVICE,EST_MIN_CHARGE,DF__VENDOR_SE__EST_M__5458F5C8,NULL
VENDOR_SYNC,CREATE_DATE,DF__VENDOR_SY__CREAT__56413E3A,NULL
VENDOR_SYNC,SUBSCRIPTIONS,DF__VENDOR_SY__SUBSC__57356273,NULL
VMDI_CSH_HDR,TRANSACTION_DATE,DF__VMDI_CSH___TRANS__582986AC,NULL
VMDI_CSH_LINE,DISCOUNT_APPLIED,DF__VMDI_CSH___DISCO__5A11CF1E,NULL
VMDI_CSH_LINE,TRANSACTION_DATE,DF__VMDI_CSH___TRANS__591DAAE5,NULL
VMDI_LAYOUT,CREATE_DATE,DF__VMDI_LAYO__CREAT__5B05F357,NULL
VMDI_LAYOUT,SAVE_DATA_FLOW,DF__VMDI_LAYO__SAVE___5BFA1790,NULL
VMQUERY_ITEM_AUTHORITY,PERMISSION,DF__VMQUERY_I__PERMI__010C6C05,NULL
VR_ANALYTIC_CONFIG,CREATE_DATE,DF__VR_ANALYT__CREAT__2D1FF86D,NULL
VR_ANALYTIC_CONFIG,DEF_TOP_N,DF__VR_ANALYT__DEF_T__2A438BC2,NULL
VR_ANALYTIC_CONFIG,LEGEND_ALIGNMENT,DF__VR_ANALYT__LEGEN__294F6789,NULL
VR_ANALYTIC_CONFIG,LEGEND_POSITION,DF__VR_ANALYT__LEGEN__285B4350,NULL
VR_ANALYTIC_CONFIG,SCOPE_TYPE,DF__VR_ANALYT__SCOPE__22A269FA,NULL
VR_ANALYTIC_CONFIG,SHOW_LEGEND,DF__VR_ANALYT__SHOW___27671F17,NULL
VR_ANALYTIC_CONFIG,SHOW_SERIES_LABEL,DF__VR_ANALYT__SHOW___2B37AFFB,NULL
VR_ANALYTIC_CONFIG,SHOW_SERIES_TOOLTIP,DF__VR_ANALYT__SHOW___2C2BD434,NULL
VR_ANALYTIC_CONFIG,SHOW_X_AXIS_TITLE,DF__VR_ANALYT__SHOW___257ED6A5,NULL
VR_ANALYTIC_CONFIG,SHOW_Y_AXIS_TITLE,DF__VR_ANALYT__SHOW___2672FADE,NULL
VR_ANALYTIC_CONFIG,STATUS,DF__VR_ANALYT__STATU__23968E33,NULL
VR_ANALYTIC_CONFIG,VALUE_AGGR_TYPE,DF__VR_ANALYT__VALUE__248AB26C,NULL
VR_DATA_SOURCE,CREATE_DATE,DF__VR_DATA_S__CREAT__1730B74E,NULL
VR_DATA_SOURCE,SCOPE_TYPE,DF__VR_DATA_S__SCOPE__14544AA3,NULL
VR_DATA_SOURCE,STATUS,DF__VR_DATA_S__STATU__163C9315,NULL
VR_DATA_SOURCE,USE_ANSI_92_JOIN,DF__VR_DATA_S__USE_A__15486EDC,NULL
VR_DATA_SOURCE_COLUMN,FILTER_TYPE,DF__VR_DATA_S__FILTE__1DDDB4DD,NULL
VR_DATA_SOURCE_COLUMN,IS_VISIBLE,DF__VR_DATA_S__IS_VI__1ED1D916,NULL
VR_DATA_SOURCE_TABLE,JOIN_TYPE,DF__VR_DATA_S__JOIN___1A0D23F9,NULL
VR_DATA_SRC_DRILLTO_PARAM,PARAMETER_TYPE,DF__VR_DATA_S__PARAM__430F398C,NULL
VR_GRID_CONFIG,CREATE_DATE,DF__VR_GRID_C__CREAT__3891AB19,NULL
VR_GRID_CONFIG,DEF_TOP_N,DF__VR_GRID_C__DEF_T__379D86E0,NULL
VR_GRID_CONFIG,GRID_TYPE,DF__VR_GRID_C__GRID___35B53E6E,NULL
VR_GRID_CONFIG,SCOPE_TYPE,DF__VR_GRID_C__SCOPE__33CCF5FC,NULL
VR_GRID_CONFIG,STATUS,DF__VR_GRID_C__STATU__34C11A35,NULL
VR_GRID_CONFIG,VALUE_AGGR_TYPE,DF__VR_GRID_C__VALUE__36A962A7,NULL
VR_GRID_CONFIG_COLUMN,IS_VISIBLE,DF__VR_GRID_C__IS_VI__3C623BFD,NULL
WAREHOUSE,INDEPENDENT,DF__WAREHOUSE__INDEP__5CEE3BC9,NULL
WAREHOUSE,MRP_EXEMPT,DF__WAREHOUSE__MRP_E__5DE26002,NULL
WAREHOUSE_WIP_VAS,UNIT_PRICE,DF__WAREHOUSE__UNIT___5ED6843B,NULL
WBS,STATUS_EFF_DATE,DF__WBS__STATUS_EFF___5FCAA874,NULL
WEB_SESSION,CREATE_DATE,DF__WEB_SESSI__CREAT__24FFB3B8,NULL
WEB_SESSION,LAST_ACTIVITY,DF__WEB_SESSI__LAST___240B8F7F,NULL
WIP_BALANCE,CURRENCY_ID,DF__WIP_BALAN__CURRE__60BECCAD,NULL
WIP_ISSUE_DETAIL,CURRENCY_ID,DF__WIP_ISSUE__CURRE__61B2F0E6,NULL
WIP_ISSUE_DIST,CREATE_DATE,DF__WIP_ISSUE__CREAT__62A7151F,NULL
WIP_ISSUE_DIST,CURRENCY_ID,DF__WIP_ISSUE__CURRE__639B3958,NULL
WIP_LABOR_DETAIL,CURRENCY_ID,DF__WIP_LABOR__CURRE__648F5D91,NULL
WIP_PAYB_DETAIL,CURRENCY_ID,DF__WIP_PAYB___CURRE__658381CA,NULL
WIP_RECEIPT_DETAIL,CURRENCY_ID,DF__WIP_RECEI__CURRE__6677A603,NULL
WIP_RECEIPT_DIST,CREATE_DATE,DF__WIP_RECEI__CREAT__676BCA3C,NULL
WIP_RECEIPT_DIST,CURRENCY_ID,DF__WIP_RECEI__CURRE__685FEE75,NULL
WIP_SERVICE_DETAIL,CURRENCY_ID,DF__WIP_SERVI__CURRE__695412AE,NULL
WIP_SPLIT_DETAIL,CURRENCY_ID,DF__WIP_SPLIT__CURRE__6A4836E7,NULL
WIP_VAS,UNIT_PRICE,DF__WIP_VAS__UNIT_PR__6B3C5B20,NULL
WIP_VAS_SYNC,CREATE_DATE,DF__WIP_VAS_S__CREAT__6C307F59,NULL
WIP_VAS_SYNC,SUBSCRIPTIONS,DF__WIP_VAS_S__SUBSC__6D24A392,NULL
WORK_ORDER,ACT_BURDEN_COST,DF__WORK_ORDE__ACT_B__77A23205,NULL
WORK_ORDER,ACT_LABOR_COST,DF__WORK_ORDE__ACT_L__76AE0DCC,NULL
WORK_ORDER,ACT_MATERIAL_COST,DF__WORK_ORDE__ACT_M__75B9E993,NULL
WORK_ORDER,ACT_SERVICE_COST,DF__WORK_ORDE__ACT_S__7896563E,NULL
WORK_ORDER,ALLOCATED_QTY,DF__WORK_ORDE__ALLOC__7E4F2F94,NULL
WORK_ORDER,ALLOW_UPD_FROM_LEG,DF__WORK_ORDE__ALLOW__021FC078,NULL
WORK_ORDER,ALLOW_UPD_FROM_MST,DF__WORK_ORDE__ALLOW__012B9C3F,NULL
WORK_ORDER,CREATE_DATE,DF__WORK_ORDE__CREAT__6F0CEC04,NULL
WORK_ORDER,CUSTOMER_PRIORITY,DF__WORK_ORDE__CUSTO__30716664,NULL
WORK_ORDER,EST_BURDEN_COST,DF__WORK_ORDE__EST_B__73D1A121,NULL
WORK_ORDER,EST_LABOR_COST,DF__WORK_ORDE__EST_L__72DD7CE8,NULL
WORK_ORDER,EST_MATERIAL_COST,DF__WORK_ORDE__EST_M__71E958AF,NULL
WORK_ORDER,EST_SERVICE_COST,DF__WORK_ORDE__EST_S__74C5C55A,NULL
WORK_ORDER,FORWARD_SCHEDULE,DF__WORK_ORDE__FORWA__7001103D,NULL
WORK_ORDER,FULFILLED_QTY,DF__WORK_ORDE__FULFI__7F4353CD,NULL
WORK_ORDER,INACTIVE,DF__WORK_ORDE__INACT__7E650984,NULL
WORK_ORDER,MARKED_FOR_PURGE,DF__WORK_ORDE__MARKE__7D5B0B5B,NULL
WORK_ORDER,MAX_QTY_COMPLETE,DF__WORK_ORDE__MAX_Q__2BACB147,NULL
WORK_ORDER,PERCENT_COMPL,DF__WORK_ORDE__PERCE__29C468D5,NULL
WORK_ORDER,POSTING_CANDIDATE,DF__WORK_ORDE__POSTI__70F53476,NULL
WORK_ORDER,QTY_COMPL_BY_HRS,DF__WORK_ORDE__QTY_C__2AB88D0E,NULL
WORK_ORDER,RECEIVED_QTY,DF__WORK_ORDE__RECEI__6E18C7CB,NULL
WORK_ORDER,REM_BURDEN_COST,DF__WORK_ORDE__REM_B__7B72C2E9,NULL
WORK_ORDER,REM_LABOR_COST,DF__WORK_ORDE__REM_L__7A7E9EB0,NULL
WORK_ORDER,REM_MATERIAL_COST,DF__WORK_ORDE__REM_M__798A7A77,NULL
WORK_ORDER,REM_SERVICE_COST,DF__WORK_ORDE__REM_S__7C66E722,NULL
WORK_ORDER,STATUS_EFF_DATE,DF__WORK_ORDE__STATU__00377806,NULL
WORK_ORDER_SYNC,CREATE_DATE,DF__WORK_ORDE__CREAT__0313E4B1,NULL
WORK_ORDER_SYNC,SUBSCRIPTIONS,DF__WORK_ORDE__SUBSC__040808EA,NULL
WORKFLOW,STATUS_EFF_DATE,DF__WORKFLOW__STATUS__04FC2D23,NULL
WORKFLOW_EVENT,CREATE_DATE,DF__WORKFLOW___CREAT__05F0515C,NULL
WORKORDER_AUDIT,PASS_DIRECTION,DF__WORKORDER__PASS___06E47595,NULL
WORKORDER_AUDIT,PASS_RESULT,DF__WORKORDER__PASS___07D899CE,NULL
WORKORDER_SUMMARY,ACT_ATL_BUR_COST,DF__WORKORDER__ACT_A__12562841,NULL
WORKORDER_SUMMARY,ACT_ATL_LAB_COST,DF__WORKORDER__ACT_A__11620408,NULL
WORKORDER_SUMMARY,ACT_ATL_MAT_COST,DF__WORKORDER__ACT_A__106DDFCF,NULL
WORKORDER_SUMMARY,ACT_ATL_SER_COST,DF__WORKORDER__ACT_A__134A4C7A,NULL
WORKORDER_SUMMARY,EST_ATL_BUR_COST,DF__WORKORDER__EST_A__0AB50679,NULL
WORKORDER_SUMMARY,EST_ATL_LAB_COST,DF__WORKORDER__EST_A__09C0E240,NULL
WORKORDER_SUMMARY,EST_ATL_MAT_COST,DF__WORKORDER__EST_A__08CCBE07,NULL
WORKORDER_SUMMARY,EST_ATL_SER_COST,DF__WORKORDER__EST_A__0BA92AB2,NULL
WORKORDER_SUMMARY,REM_ATL_BUR_COST,DF__WORKORDER__REM_A__0E85975D,NULL
WORKORDER_SUMMARY,REM_ATL_LAB_COST,DF__WORKORDER__REM_A__0D917324,NULL
WORKORDER_SUMMARY,REM_ATL_MAT_COST,DF__WORKORDER__REM_A__0C9D4EEB,NULL
WORKORDER_SUMMARY,REM_ATL_SER_COST,DF__WORKORDER__REM_A__0F79BB96,NULL
