ACCOUNT,DELETE_ACCOUNT,SQL_TRIGGER,NO,NO,DELETE
ACCOUNT,UPDATE_ACCOUNT,SQL_TRIGGER,NO,NO,UPDATE
ACCOUNT_BAL_DIM,DELETE_ACCOUNT_BAL_DIM,SQL_TRIGGER,NO,NO,DELETE
ACCOUNT_BAL_DIM,INSERT_ACCOUNT_BAL_DIM,SQL_TRIGGER,NO,NO,INSERT
ACCOUNT_BAL_DIM,UPDATE_ACCOUNT_BAL_DIM,SQL_TRIGGER,NO,NO,UPDATE
ACCOUNT_BALANCE,DELETE_ACCOUNT_BALANCE,SQL_TRIGGER,NO,NO,DELETE
ACCOUNT_BALANCE,INSERT_ACCOUNT_BALANCE,SQL_TRIGGER,NO,NO,INSERT
ACCOUNT_BALANCE,UPDATE_ACCOUNT_BALANCE,SQL_TRIGGER,NO,NO,UPDATE
ACCOUNT_BUDGET,DELETE_ACCOUNT_BUDGET,SQL_TRIGGER,NO,NO,DELETE
ACCOUNT_BUDGET,INSERT_ACCOUNT_BUDGET,SQL_TRIGGER,NO,NO,INSERT
ACCOUNT_BUDGET,UPDATE_ACCOUNT_BUDGET,SQL_TRIGGER,NO,NO,UPDATE
ACCOUNT_GROUP,UPDATE_ACCOUNT_GROUP,SQL_TRIGGER,NO,NO,UPDATE
ACCOUNT_PERIOD,UPDATE_ACCOUNT_PERIOD,SQL_TRIGGER,NO,NO,UPDATE
ACCOUNTING_ENTITY,INSERT_ACCOUNTING_ENTITY,SQL_TRIGGER,NO,NO,INSERT
ACCOUNTING_ENTITY,UPDATE_ACCOUNTING_ENTITY,SQL_TRIGGER,NO,NO,UPDATE
ADJUSTMENT_DIST,DELETE_ADJUSTMENT_DIST,SQL_TRIGGER,NO,NO,DELETE
ADJUSTMENT_DIST,UPDATE_ADJUSTMENT_DIST,SQL_TRIGGER,NO,NO,UPDATE
ALLOCATION,UPDATE_ALLOCATION,SQL_TRIGGER,NO,NO,UPDATE
APPLICATION_GLOBAL,INSERT_APPLICATION_GLOBAL,SQL_TRIGGER,NO,NO,INSERT
APPLICATION_GLOBAL,UPDATE_APPLICATION_GLOBAL,SQL_TRIGGER,NO,NO,UPDATE
APPLICATION_GROUP,UPDATE_APPLICATION_GROUP,SQL_TRIGGER,NO,NO,UPDATE
BANK_ACCOUNT,UPDATE_BANK_ACCOUNT,SQL_TRIGGER,NO,NO,UPDATE
BANK_ADJ_CURR,DELETE_BANK_ADJ_CURR,SQL_TRIGGER,NO,NO,DELETE
BANK_ADJ_CURR,INSERT_BANK_ADJ_CURR,SQL_TRIGGER,NO,NO,INSERT
BANK_ADJ_CURR,UPDATE_BANK_ADJ_CURR,SQL_TRIGGER,NO,NO,UPDATE
BANK_ADJ_DIST,INSERT_BANK_ADJ_DIST,SQL_TRIGGER,NO,NO,INSERT
BANK_ADJ_DIST,UPDATE_BANK_ADJ_DIST,SQL_TRIGGER,NO,NO,UPDATE
BANK_ADJUSTMENT,DELETE_BANK_ADJUSTMENT,SQL_TRIGGER,NO,NO,DELETE
BANK_ADJUSTMENT,UPDATE_BANK_ADJUSTMENT,SQL_TRIGGER,NO,NO,UPDATE
BANK_DEPOSIT,INSERT_BANK_DEPOSIT,SQL_TRIGGER,NO,NO,INSERT
BANK_DEPOSIT,UPDATE_BANK_DEPOSIT,SQL_TRIGGER,NO,NO,UPDATE
BURDEN_DIST,DELETE_BURDEN_DIST,SQL_TRIGGER,NO,NO,DELETE
BURDEN_DIST,INSERT_BURDEN_DIST,SQL_TRIGGER,NO,NO,INSERT
BURDEN_DIST,UPDATE_BURDEN_DIST,SQL_TRIGGER,NO,NO,UPDATE
CASH_DISBURSE_CURR,DELETE_CASH_DISBURSE_CURR,SQL_TRIGGER,NO,NO,DELETE
CASH_DISBURSE_CURR,INSERT_CASH_DISBURSE_CURR,SQL_TRIGGER,NO,NO,INSERT
CASH_DISBURSE_CURR,UPDATE_CASH_DISBURSE_CURR,SQL_TRIGGER,NO,NO,UPDATE
CASH_DISBURSE_DIST,INSERT_CASH_DISBURSE_DIST,SQL_TRIGGER,NO,NO,INSERT
CASH_DISBURSE_DIST,UPDATE_CASH_DISBURSE_DIST,SQL_TRIGGER,NO,NO,UPDATE
CASH_DISBURSE_LINE,DELETE_CASH_DISBURSE_LINE,SQL_TRIGGER,NO,NO,DELETE
CASH_DISBURSE_LINE,INSERT_CASH_DISBURSE_LINE,SQL_TRIGGER,NO,NO,INSERT
CASH_DISBURSE_LINE,UPDATE_CASH_DISBURSE_LINE,SQL_TRIGGER,NO,NO,UPDATE
CASH_DISBURSEMENT,UPDATE_CASH_DISBURSEMENT,SQL_TRIGGER,NO,NO,UPDATE
CASH_PLAN,UPDATE_CASH_PLAN,SQL_TRIGGER,NO,NO,UPDATE
CASH_PLAN_LINE,DELETE_CASH_PLAN_LINE,SQL_TRIGGER,NO,NO,DELETE
CASH_PLAN_LINE,UPDATE_CASH_PLAN_LINE,SQL_TRIGGER,NO,NO,UPDATE
CASH_RECEIPT,DELETE_CASH_RECEIPT,SQL_TRIGGER,NO,NO,DELETE
CASH_RECEIPT,INSERT_CASH_RECEIPT,SQL_TRIGGER,NO,NO,INSERT
CASH_RECEIPT,UPDATE_CASH_RECEIPT,SQL_TRIGGER,NO,NO,UPDATE
CASH_RECEIPT_CURR,DELETE_CASH_RECEIPT_CURR,SQL_TRIGGER,NO,NO,DELETE
CASH_RECEIPT_CURR,INSERT_CASH_RECEIPT_CURR,SQL_TRIGGER,NO,NO,INSERT
CASH_RECEIPT_CURR,UPDATE_CASH_RECEIPT_CURR,SQL_TRIGGER,NO,NO,UPDATE
CASH_RECEIPT_DIST,INSERT_CASH_RECEIPT_DIST,SQL_TRIGGER,NO,NO,INSERT
CASH_RECEIPT_DIST,UPDATE_CASH_RECEIPT_DIST,SQL_TRIGGER,NO,NO,UPDATE
CASH_RECEIPT_LINE,DELETE_CASH_RECEIPT_LINE,SQL_TRIGGER,NO,NO,DELETE
CASH_RECEIPT_LINE,INSERT_CASH_RECEIPT_LINE,SQL_TRIGGER,NO,NO,INSERT
CASH_RECEIPT_LINE,UPDATE_CASH_RECEIPT_LINE,SQL_TRIGGER,NO,NO,UPDATE
CO_PRODUCT,DELETE_CO_PRODUCT,SQL_TRIGGER,NO,NO,DELETE
CO_PRODUCT,INSERT_CO_PRODUCT,SQL_TRIGGER,NO,NO,INSERT
CO_PRODUCT,UPDATE_CO_PRODUCT,SQL_TRIGGER,NO,NO,UPDATE
CONSOLID_ACCOUNT,UPDATE_CONSOLID_ACCOUNT,SQL_TRIGGER,NO,NO,UPDATE
CONTACT,UPDATE_CONTACT,SQL_TRIGGER,NO,NO,UPDATE
CONTACT,V_AD_CONTACT,SQL_TRIGGER,NO,NO,DELETE
CONTACT,V_AI_CONTACT,SQL_TRIGGER,NO,NO,INSERT
CONTACT,V_AU_CONTACT,SQL_TRIGGER,NO,NO,UPDATE
CREDIT_MEMO_APPLY,DELETE_CREDIT_MEMO_APPLY,SQL_TRIGGER,NO,NO,DELETE
CREDIT_MEMO_APPLY,INSERT_CREDIT_MEMO_APPLY,SQL_TRIGGER,NO,NO,INSERT
CREDIT_MEMO_APPLY,UPDATE_CREDIT_MEMO_APPLY,SQL_TRIGGER,NO,NO,UPDATE
CURRENCY,UPDATE_CURRENCY,SQL_TRIGGER,NO,NO,UPDATE
CUST_ADDRESS,V_AD_CUST_ADDRESS,SQL_TRIGGER,NO,NO,DELETE
CUST_ADDRESS,V_AI_CUST_ADDR,SQL_TRIGGER,NO,NO,INSERT
CUST_ADDRESS,V_AU_CUST_ADDRESS,SQL_TRIGGER,NO,NO,UPDATE
CUST_CONTACT,DELETE_CUST_CONTACT,SQL_TRIGGER,NO,NO,DELETE
CUST_CONTACT,INSERT_CUST_CONTACT,SQL_TRIGGER,NO,NO,INSERT
CUST_CONTACT,UPDATE_CUST_CONTACT,SQL_TRIGGER,NO,NO,UPDATE
CUST_CONTACT,V_AD_CUST_CONTACT,SQL_TRIGGER,NO,NO,DELETE
CUST_CONTACT,V_AI_CUST_CONT,SQL_TRIGGER,NO,NO,INSERT
CUST_CONTACT,V_AU_CUST_CONT,SQL_TRIGGER,NO,NO,UPDATE
CUST_LINE_BILLING,INSERT_CUST_LINE_BILLING,SQL_TRIGGER,NO,NO,INSERT
CUST_LINE_BILLING,UPDATE_CUST_LINE_BILLING,SQL_TRIGGER,NO,NO,UPDATE
CUST_LINE_BINARY,INSUPD_CUST_LINE_BINARY,SQL_TRIGGER,NO,NO,"INSERT, UPDATE"
CUST_LINE_DEL,DELETE_CUST_LINE_DEL,SQL_TRIGGER,NO,NO,DELETE
CUST_LINE_DEL,INSERT_CUST_LINE_DEL,SQL_TRIGGER,NO,NO,INSERT
CUST_LINE_DEL,UPDATE_CUST_LINE_DEL,SQL_TRIGGER,NO,NO,UPDATE
CUST_ORDER_CURR,DELETE_CUST_ORDER_CURR,SQL_TRIGGER,NO,NO,DELETE
CUST_ORDER_CURR,INSERT_CUST_ORDER_CURR,SQL_TRIGGER,NO,NO,INSERT
CUST_ORDER_CURR,UPDATE_CUST_ORDER_CURR,SQL_TRIGGER,NO,NO,UPDATE
CUST_ORDER_LINE,DELETE_CUST_ORDER_LINE,SQL_TRIGGER,NO,NO,DELETE
CUST_ORDER_LINE,INSERT_CUST_ORDER_LINE,SQL_TRIGGER,NO,NO,INSERT
CUST_ORDER_LINE,UPDATE_CUST_ORDER_LINE,SQL_TRIGGER,NO,NO,UPDATE
CUSTOMER,DELETE_CUSTOMER,SQL_TRIGGER,NO,NO,DELETE
CUSTOMER,UPDATE_CUSTOMER,SQL_TRIGGER,NO,NO,UPDATE
CUSTOMER,V_AD_CUSTOMER,SQL_TRIGGER,NO,NO,DELETE
CUSTOMER,V_AI_CUSTOMER,SQL_TRIGGER,NO,NO,INSERT
CUSTOMER,V_AU_CUSTOMER,SQL_TRIGGER,NO,NO,UPDATE
CUSTOMER,V_AU_CUSTOMER1,SQL_TRIGGER,NO,NO,UPDATE
CUSTOMER_CONTACT,DELETE_CUSTOMER_CONTACT,SQL_TRIGGER,NO,NO,DELETE
CUSTOMER_DISCOUNT,UPDATE_CUSTOMER_DISCOUNT,SQL_TRIGGER,NO,NO,UPDATE
CUSTOMER_ENTITY,V_AI_CUST_ENTITY,SQL_TRIGGER,NO,NO,INSERT
CUSTOMER_ENTITY,V_AU_CUST_ENTITY,SQL_TRIGGER,NO,NO,UPDATE
CUSTOMER_ORDER,DELETE_CUSTOMER_ORDER,SQL_TRIGGER,NO,NO,DELETE
CUSTOMER_ORDER,INSERT_CUSTOMER_ORDER,SQL_TRIGGER,NO,NO,INSERT
CUSTOMER_ORDER,UPDATE_CUSTOMER_ORDER,SQL_TRIGGER,NO,NO,UPDATE
CUSTOMER_SITE,V_AI_CUST_SITE,SQL_TRIGGER,NO,NO,INSERT
CUSTOMER_SITE,V_AU_CUST_SITE,SQL_TRIGGER,NO,NO,UPDATE
DEMAND_SUPPLY_LINK,DELETE_DEMAND_SUPPLY_LINK,SQL_TRIGGER,NO,NO,DELETE
DEMAND_SUPPLY_LINK,INSERT_DEMAND_SUPPLY_LINK,SQL_TRIGGER,NO,NO,INSERT
DEMAND_SUPPLY_LINK,UPDATE_DEMAND_SUPPLY_LINK,SQL_TRIGGER,NO,NO,UPDATE
DOCUMENT,INSERT_DOCUMENT,SQL_TRIGGER,NO,NO,INSERT
EARNING_CODE,UPDATE_EARNING_CODE,SQL_TRIGGER,NO,NO,UPDATE
EC,DELETE_EC,SQL_TRIGGER,NO,NO,DELETE
EC,INSERT_EC,SQL_TRIGGER,NO,NO,INSERT
EC,UPDATE_EC,SQL_TRIGGER,NO,NO,UPDATE
EC_LINE,DELETE_EC_LINE,SQL_TRIGGER,NO,NO,INSERT
EC_LINE,INSERT_EC_LINE,SQL_TRIGGER,NO,NO,INSERT
EC_LINE,UPDATE_EC_LINE,SQL_TRIGGER,NO,NO,UPDATE
ECN,UPDATE_ECN,SQL_TRIGGER,NO,NO,UPDATE
ECN_DETAIL,DELETE_ECN_DETAIL,SQL_TRIGGER,NO,NO,DELETE
EMPLOYEE,V_AI_EMPLOYEE,SQL_TRIGGER,NO,NO,INSERT
GJ,UPDATE_GJ,SQL_TRIGGER,NO,NO,UPDATE
GJ_DIST,INSERT_GJ_DIST,SQL_TRIGGER,NO,NO,INSERT
GJ_DIST,UPDATE_GJ_DIST,SQL_TRIGGER,NO,NO,UPDATE
GJ_LINE,UPDATE_GJ_LINE,SQL_TRIGGER,NO,NO,UPDATE
GL_INTERFACE,UPDATE_GL_INTERFACE,SQL_TRIGGER,NO,NO,UPDATE
IBT,UPDATE_IBT,SQL_TRIGGER,NO,NO,UPDATE
IBT_LINE,DELETE_IBT_LINE,SQL_TRIGGER,NO,NO,DELETE
IBT_LINE,INSERT_IBT_LINE,SQL_TRIGGER,NO,NO,INSERT
IBT_LINE,UPDATE_IBT_LINE,SQL_TRIGGER,NO,NO,UPDATE
INDIRECT,UPDATE_INDIRECT,SQL_TRIGGER,NO,NO,UPDATE
INDIRECT_DIST,DELETE_INDIRECT_DIST,SQL_TRIGGER,NO,NO,DELETE
INDIRECT_DIST,INSERT_INDIRECT_DIST,SQL_TRIGGER,NO,NO,INSERT
INDIRECT_DIST,UPDATE_INDIRECT_DIST,SQL_TRIGGER,NO,NO,UPDATE
INSTALLMENT,V_AI_INSTALLMENT,SQL_TRIGGER,NO,NO,INSERT
INSTALLMENT,V_AU_INSTALLMENT,SQL_TRIGGER,NO,NO,UPDATE
INSTALLMENT,V_DE_INSTALLMENT,SQL_TRIGGER,NO,NO,DELETE
INSTALLMENT_LINE,V_AI_INST_LINE,SQL_TRIGGER,NO,NO,INSERT
INSTALLMENT_LINE,V_AU_INST_LINE,SQL_TRIGGER,NO,NO,UPDATE
INSTALLMENT_LINE,V_DE_INST_LINE,SQL_TRIGGER,NO,NO,DELETE
INV_RECEIPT_DIST,DELETE_INV_RECEIPT_DIST,SQL_TRIGGER,NO,NO,DELETE
INV_RECEIPT_DIST,INSERT_INV_RECEIPT_DIST,SQL_TRIGGER,NO,NO,INSERT
INV_TRANS_DIST,DELETE_INV_TRANS_DIST,SQL_TRIGGER,NO,NO,DELETE
INV_TRANS_DIST,INSERT_INV_TRANS_DIST,SQL_TRIGGER,NO,NO,INSERT
INV_TRANS_DIST,UPDATE_INV_TRANS_DIST,SQL_TRIGGER,NO,NO,UPDATE
INVENTORY_BALANCE,INSERT_INVENTORY_BALANCE,SQL_TRIGGER,NO,NO,INSERT
INVENTORY_BALANCE,UPDATE_INVENTORY_BALANCE,SQL_TRIGGER,NO,NO,UPDATE
INVENTORY_TRANS,DELETE_INVENTORY_TRANS,SQL_TRIGGER,NO,NO,DELETE
INVENTORY_TRANS,INSERT_INVENTORY_TRANS,SQL_TRIGGER,NO,NO,INSERT
INVENTORY_TRANS,UPDATE_INVENTORY_TRANS,SQL_TRIGGER,NO,NO,UPDATE
JOURNAL,DELETE_JOURNAL,SQL_TRIGGER,NO,NO,DELETE
JOURNAL,INSERT_JOURNAL,SQL_TRIGGER,NO,NO,INSERT
JOURNAL,UPDATE_JOURNAL,SQL_TRIGGER,NO,NO,UPDATE
JOURNAL_BATCH,INSERT_JOURNAL_BATCH,SQL_TRIGGER,NO,NO,INSERT
JOURNAL_BATCH,UPDATE_JOURNAL_BATCH,SQL_TRIGGER,NO,NO,UPDATE
JOURNAL_DIM,INSERT_JOURNAL_DIM,SQL_TRIGGER,NO,NO,INSERT
JOURNAL_DIM,UPDATE_JOURNAL_DIM,SQL_TRIGGER,NO,NO,UPDATE
LABEL_TYPE,UPDATE_LABEL_TYPE,SQL_TRIGGER,NO,NO,UPDATE
LABOR_TICKET,DELETE_LABOR_TICKET,SQL_TRIGGER,NO,NO,DELETE
LABOR_TICKET,INSERT_LABOR_TICKET,SQL_TRIGGER,NO,NO,INSERT
LABOR_TICKET,UPDATE_LABOR_TICKET,SQL_TRIGGER,NO,NO,UPDATE
LOCATION,UPDATE_LOCATION,SQL_TRIGGER,NO,NO,UPDATE
OPERATION,DELETE_OPERATION,SQL_TRIGGER,NO,NO,DELETE
OPERATION,INSERT_OPERATION,SQL_TRIGGER,NO,NO,INSERT
OPERATION,UPDATE_OPERATION,SQL_TRIGGER,NO,NO,UPDATE
OPERATION_TYPE,UPDATE_OPERATION_TYPE,SQL_TRIGGER,NO,NO,UPDATE
PART,DELETE_PART,SQL_TRIGGER,NO,NO,DELETE
PART,INSERT_PART,SQL_TRIGGER,NO,NO,INSERT
PART,UPDATE_PART,SQL_TRIGGER,NO,NO,UPDATE
PART_LOCATION,DELETE_PART_LOCATION,SQL_TRIGGER,NO,NO,DELETE
PART_LOCATION,INSERT_PART_LOCATION,SQL_TRIGGER,NO,NO,INSERT
PART_LOCATION,UPDATE_PART_LOCATION,SQL_TRIGGER,NO,NO,UPDATE
PART_SITE,DELETE_PART_SITE,SQL_TRIGGER,NO,NO,DELETE
PART_SITE,INSERT_PART_SITE,SQL_TRIGGER,NO,NO,INSERT
PART_SITE,UPDATE_PART_SITE,SQL_TRIGGER,NO,NO,UPDATE
PART_UNITS_CONV,INSERT_PART_UNITS_CONV,SQL_TRIGGER,NO,NO,INSERT
PART_UNITS_CONV,UPDATE_PART_UNITS_CONV,SQL_TRIGGER,NO,NO,UPDATE
PART_WAREHOUSE,INSERT_PART_WAREHOUSE,SQL_TRIGGER,NO,NO,INSERT
PAYABLE,DELETE_PAYABLE,SQL_TRIGGER,NO,NO,DELETE
PAYABLE,INSERT_PAYABLE,SQL_TRIGGER,NO,NO,INSERT
PAYABLE,UPDATE_PAYABLE,SQL_TRIGGER,NO,NO,UPDATE
PAYABLE_DIST,INSERT_PAYABLE_DIST,SQL_TRIGGER,NO,NO,INSERT
PAYABLE_DIST,UPDATE_PAYABLE_DIST,SQL_TRIGGER,NO,NO,UPDATE
PAYABLE_INST,UPDATE_PAYABLE_INST,SQL_TRIGGER,NO,NO,UPDATE
PAYABLE_LINE,INSERT_PAYABLE_LINE,SQL_TRIGGER,NO,NO,INSERT
PAYABLE_LINE,UPDATE_PAYABLE_LINE,SQL_TRIGGER,NO,NO,UPDATE
PHYS_COUNT_TAG,UPDATE_PHYS_COUNT_TAG,SQL_TRIGGER,NO,NO,UPDATE
PHYSICAL_COUNT,UPDATE_PHYSICAL_COUNT,SQL_TRIGGER,NO,NO,UPDATE
PLANNED_MATL_REQ,INSERT_PLANNED_MATL_REQ,SQL_TRIGGER,NO,NO,INSERT
PLANNED_MATL_REQ,UPDATE_PLANNED_MATL_REQ,SQL_TRIGGER,NO,NO,UPDATE
PLANNED_ORDER,DELETE_PLANNED_ORDER,SQL_TRIGGER,NO,NO,DELETE
PLANNED_ORDER,UPDATE_PLANNED_ORDER,SQL_TRIGGER,NO,NO,UPDATE
PROJECT_DIST,DELETE_PROJECT_DIST,SQL_TRIGGER,NO,NO,DELETE
PROJECT_DIST,INSERT_PROJECT_DIST,SQL_TRIGGER,NO,NO,INSERT
PROJECT_DIST,UPDATE_PROJECT_DIST,SQL_TRIGGER,NO,NO,UPDATE
PURC_LINE_DEL,DELETE_PURC_LINE_DEL,SQL_TRIGGER,NO,NO,DELETE
PURC_LINE_DEL,INSERT_PURC_LINE_DEL,SQL_TRIGGER,NO,NO,INSERT
PURC_LINE_DEL,UPDATE_PURC_LINE_DEL,SQL_TRIGGER,NO,NO,UPDATE
PURC_ORDER_LINE,DELETE_PURC_ORDER_LINE,SQL_TRIGGER,NO,NO,DELETE
PURC_ORDER_LINE,INSERT_PURC_ORDER_LINE,SQL_TRIGGER,NO,NO,INSERT
PURC_ORDER_LINE,UPDATE_PURC_ORDER_LINE,SQL_TRIGGER,NO,NO,UPDATE
PURC_REQ_LINE,DELETE_PURC_REQ_LINE,SQL_TRIGGER,NO,NO,DELETE
PURC_REQ_LINE,INSERT_PURC_REQ_LINE,SQL_TRIGGER,NO,NO,INSERT
PURC_REQ_LINE,UPDATE_PURC_REQ_LINE,SQL_TRIGGER,NO,NO,UPDATE
PURC_REQUISITION,DELETE_PURC_REQUISITION,SQL_TRIGGER,NO,NO,DELETE
PURC_REQUISITION,INSERT_PURC_REQUISITION,SQL_TRIGGER,NO,NO,INSERT
PURC_REQUISITION,UPDATE_PURC_REQUISITION,SQL_TRIGGER,NO,NO,UPDATE
PURCHASE_CONTRACT,UPDATE_PURCHASE_CONTRACT,SQL_TRIGGER,NO,NO,INSERT
PURCHASE_DIST,DELETE_PURCHASE_DIST,SQL_TRIGGER,NO,NO,DELETE
PURCHASE_DIST,INSERT_PURCHASE_DIST,SQL_TRIGGER,NO,NO,INSERT
PURCHASE_DIST,UPDATE_PURCHASE_DIST,SQL_TRIGGER,NO,NO,UPDATE
PURCHASE_ORDER,DELETE_PURCHASE_ORDER,SQL_TRIGGER,NO,NO,DELETE
PURCHASE_ORDER,INSERT_PURCHASE_ORDER,SQL_TRIGGER,NO,NO,INSERT
PURCHASE_ORDER,UPDATE_PURCHASE_ORDER,SQL_TRIGGER,NO,NO,UPDATE
QUOTE,DELETE_QUOTE,SQL_TRIGGER,NO,NO,DELETE
QUOTE,INSERT_QUOTE,SQL_TRIGGER,NO,NO,INSERT
QUOTE,UPDATE_QUOTE,SQL_TRIGGER,NO,NO,UPDATE
QUOTE_LINE,DELETE_QUOTE_LINE,SQL_TRIGGER,NO,NO,DELETE
QUOTE_LINE,INSERT_QUOTE_LINE,SQL_TRIGGER,NO,NO,INSERT
QUOTE_LINE,UPDATE_QUOTE_LINE,SQL_TRIGGER,NO,NO,UPDATE
QUOTE_LINE_BINARY,INSUPD_QUOTE_LINE_BINARY,SQL_TRIGGER,NO,NO,"INSERT, UPDATE"
RCR_PAYABLE,UPDATE_RCR_PAYABLE,SQL_TRIGGER,NO,NO,UPDATE
RCR_RECEIVABLE,UPDATE_RCR_RECEIVABLE,SQL_TRIGGER,NO,NO,UPDATE
RECEIVABLE,DELETE_RECEIVABLE,SQL_TRIGGER,NO,NO,DELETE
RECEIVABLE,INSERT_RECEIVABLE,SQL_TRIGGER,NO,NO,INSERT
RECEIVABLE,UPDATE_RECEIVABLE,SQL_TRIGGER,NO,NO,UPDATE
RECEIVABLE,V_AD_RECEIVABLE,SQL_TRIGGER,NO,NO,DELETE
RECEIVABLE,V_AU_RECEIVABLE,SQL_TRIGGER,NO,NO,UPDATE
RECEIVABLE_DIST,INSERT_RECEIVABLE_DIST,SQL_TRIGGER,NO,NO,INSERT
RECEIVABLE_DIST,UPDATE_RECEIVABLE_DIST,SQL_TRIGGER,NO,NO,UPDATE
RECEIVABLE_INST,UPDATE_RECEIVABLE_INST,SQL_TRIGGER,NO,NO,UPDATE
RECEIVABLE_LINE,DELETE_RECEIVABLE_LINE,SQL_TRIGGER,NO,NO,DELETE
RECEIVABLE_LINE,INSERT_RECEIVABLE_LINE,SQL_TRIGGER,NO,NO,INSERT
RECEIVABLE_LINE,UPDATE_RECEIVABLE_LINE,SQL_TRIGGER,NO,NO,UPDATE
RECEIVER,DELETE_RECEIVER,SQL_TRIGGER,NO,NO,DELETE
RECEIVER,INSERT_RECEIVER,SQL_TRIGGER,NO,NO,INSERT
RECEIVER,UPDATE_RECEIVER,SQL_TRIGGER,NO,NO,UPDATE
RECEIVER_LINE,DELETE_RECEIVER_LINE,SQL_TRIGGER,NO,NO,DELETE
RECEIVER_LINE,INSERT_RECEIVER_LINE,SQL_TRIGGER,NO,NO,INSERT
RECEIVER_LINE,UPDATE_RECEIVER_LINE,SQL_TRIGGER,NO,NO,UPDATE
RECV_MEMO_APPLY,DELETE_RECV_MEMO_APPLY,SQL_TRIGGER,NO,NO,DELETE
RECV_MEMO_APPLY,INSERT_RECV_MEMO_APPLY,SQL_TRIGGER,NO,NO,INSERT
RECV_MEMO_APPLY,UPDATE_RECV_MEMO_APPLY,SQL_TRIGGER,NO,NO,UPDATE
REPORT,UPDATE_REPORT,SQL_TRIGGER,NO,NO,UPDATE
REQUEST_FOR_QUOTE,UPDATE_REQUEST_FOR_QUOTE,SQL_TRIGGER,NO,NO,UPDATE
REQUIREMENT,DELETE_REQUIREMENT,SQL_TRIGGER,NO,NO,DELETE
REQUIREMENT,INSERT_REQUIREMENT,SQL_TRIGGER,NO,NO,INSERT
REQUIREMENT,UPDATE_REQUIREMENT,SQL_TRIGGER,NO,NO,UPDATE
REVALUE,UPDATE_REVALUE,SQL_TRIGGER,NO,NO,UPDATE
REVENUE_DIST,INSERT_REVENUE_DIST,SQL_TRIGGER,NO,NO,INSERT
REVENUE_DIST,UPDATE_REVENUE_DIST,SQL_TRIGGER,NO,NO,UPDATE
RFQ_LINE,DELETE_RFQ_LINE,SQL_TRIGGER,NO,NO,DELETE
RFQ_LINE,UPDATE_RFQ_LINE,SQL_TRIGGER,NO,NO,UPDATE
RFQ_LINE_BINARY,INSUPD_RFQ_LINE_BINARY,SQL_TRIGGER,NO,NO,"INSERT, UPDATE"
RFQ_VENDOR_QUOTE,INSERT_RFQ_VENDOR_QUOTE,SQL_TRIGGER,NO,NO,INSERT
RFQ_VENDOR_QUOTE,UPDATE_RFQ_VENDOR_QUOTE,SQL_TRIGGER,NO,NO,UPDATE
RMA,UPDATE_RMA,SQL_TRIGGER,NO,NO,UPDATE
SALES_TAX,UPDATE_SALES_TAX,SQL_TRIGGER,NO,NO,UPDATE
SALES_TAX_GROUP,UPDATE_SALES_TAX_GROUP,SQL_TRIGGER,NO,NO,UPDATE
SCHEDULE,INSERT_SCHEDULE,SQL_TRIGGER,NO,NO,INSERT
SCHEDULE,UPDATE_SCHEDULE,SQL_TRIGGER,NO,NO,UPDATE
SERIES_MODEL_PART,UPDATE_SERIES_MODEL_PART,SQL_TRIGGER,NO,NO,UPDATE
SERVICE,UPDATE_SERVICE,SQL_TRIGGER,NO,NO,UPDATE
SERVICE_DISP_LINE,DELETE_SERVICE_DISP_LINE,SQL_TRIGGER,NO,NO,DELETE
SERVICE_DISP_LINE,INSERT_SERVICE_DISP_LINE,SQL_TRIGGER,NO,NO,INSERT
SERVICE_DISP_LINE,UPDATE_SERVICE_DISP_LINE,SQL_TRIGGER,NO,NO,UPDATE
SERVICE_DISPATCH,DELETE_SERVICE_DISPATCH,SQL_TRIGGER,NO,NO,DELETE
SERVICE_DISPATCH,INSERT_SERVICE_DISPATCH,SQL_TRIGGER,NO,NO,INSERT
SERVICE_DISPATCH,UPDATE_SERVICE_DISPATCH,SQL_TRIGGER,NO,NO,UPDATE
SERVICE_DISPATCHED,DELETE_SERVICE_DISPATCHED,SQL_TRIGGER,NO,NO,DELETE
SERVICE_DISPATCHED,INSERT_SERVICE_DISPATCHED,SQL_TRIGGER,NO,NO,INSERT
SERVICE_DISPATCHED,UPDATE_SERVICE_DISPATCHED,SQL_TRIGGER,NO,NO,UPDATE
SERVICE_RCVR_DISP,DELETE_SERVICE_RCVR_DISP,SQL_TRIGGER,NO,NO,DELETE
SERVICE_RCVR_DISP,INSERT_SERVICE_RCVR_DISP,SQL_TRIGGER,NO,NO,INSERT
SERVICE_RCVR_DISP,UPDATE_SERVICE_RCVR_DISP,SQL_TRIGGER,NO,NO,UPDATE
SERVICE_RECEIPT,DELETE_SERVICE_RECEIPT,SQL_TRIGGER,NO,NO,DELETE
SERVICE_RECEIPT,INSERT_SERVICE_RECEIPT,SQL_TRIGGER,NO,NO,INSERT
SERVICE_RECEIPT,UPDATE_SERVICE_RECEIPT,SQL_TRIGGER,NO,NO,UPDATE
SERVICE_SITE,UPDATE_SERVICE_SITE,SQL_TRIGGER,NO,NO,UPDATE
SHIPMENT_DIST,DELETE_SHIPMENT_DIST,SQL_TRIGGER,NO,NO,DELETE
SHIPMENT_DIST,INSERT_SHIPMENT_DIST,SQL_TRIGGER,NO,NO,INSERT
SHIPMENT_DIST,UPDATE_SHIPMENT_DIST,SQL_TRIGGER,NO,NO,UPDATE
SHIPPER,DELETE_SHIPPER,SQL_TRIGGER,NO,NO,DELETE
SHIPPER,INSERT_SHIPPER,SQL_TRIGGER,NO,NO,INSERT
SHIPPER,UPDATE_SHIPPER,SQL_TRIGGER,NO,NO,UPDATE
SHIPPER_LINE,DELETE_SHIPPER_LINE,SQL_TRIGGER,NO,NO,DELETE
SHIPPER_LINE,INSERT_SHIPPER_LINE,SQL_TRIGGER,NO,NO,INSERT
SHIPPER_LINE,UPDATE_SHIPPER_LINE,SQL_TRIGGER,NO,NO,UPDATE
SHIPTO_ADDRESS,UPDATE_SHIPTO_ADDRESS,SQL_TRIGGER,NO,NO,UPDATE
SHOP_RESOURCE,UPDATE_SHOP_RESOURCE,SQL_TRIGGER,NO,NO,UPDATE
SITE,INSERT_SITE,SQL_TRIGGER,NO,NO,INSERT
SITE,UPDATE_SITE,SQL_TRIGGER,NO,NO,UPDATE
SPLIT_TRANS,DELETE_SPLIT_TRANS,SQL_TRIGGER,NO,NO,DELETE
SPLIT_TRANS,INSERT_SPLIT_TRANS,SQL_TRIGGER,NO,NO,INSERT
SPLIT_TRANS,UPDATE_SPLIT_TRANS,SQL_TRIGGER,NO,NO,UPDATE
STAGE,DELETE_STAGE,SQL_TRIGGER,NO,NO,DELETE
TASK,UPDATE_TASK,SQL_TRIGGER,NO,NO,UPDATE
TEST,DELETE_TEST,SQL_TRIGGER,NO,NO,DELETE
TEST,UPDATE_TEST,SQL_TRIGGER,NO,NO,UPDATE
TEST_STEP,INSERT_TEST_STEP,SQL_TRIGGER,NO,NO,INSERT
TEST_STEP,UPDATE_TEST_STEP,SQL_TRIGGER,NO,NO,UPDATE
TRACE,UPDATE_TRACE,SQL_TRIGGER,NO,NO,UPDATE
TRACE_NUMBERING,UPDATE_TRACE_NUMBERING,SQL_TRIGGER,NO,NO,UPDATE
UNITS,DELETE_UNITS,SQL_TRIGGER,NO,NO,DELETE
UNITS,UPDATE_UNITS,SQL_TRIGGER,NO,NO,UPDATE
UNITS_CONVERSION,INSERT_UNITS_CONVERSION,SQL_TRIGGER,NO,NO,INSERT
UNITS_CONVERSION,UPDATE_UNITS_CONVERSION,SQL_TRIGGER,NO,NO,UPDATE
UNP_MNT_CALLS,DELETE_UNP_MNT_CALLS,SQL_TRIGGER,NO,NO,INSERT
UNP_MNT_CALLS,INSERT_UNP_MNT_CALLS,SQL_TRIGGER,NO,NO,INSERT
UNP_MNT_CALLS,UPDATE_UNP_MNT_CALLS,SQL_TRIGGER,NO,NO,UPDATE
VEND_CONTACT,DELETE_VEND_CONTACT,SQL_TRIGGER,NO,NO,DELETE
VEND_CONTACT,INSERT_VEND_CONTACT,SQL_TRIGGER,NO,NO,INSERT
VEND_CONTACT,UPDATE_VEND_CONTACT,SQL_TRIGGER,NO,NO,UPDATE
VENDOR,DELETE_VENDOR,SQL_TRIGGER,NO,NO,DELETE
VENDOR,UPDATE_VENDOR,SQL_TRIGGER,NO,NO,UPDATE
VMDI_ACK_CODES,UPDATE_VMDI_ACK_CODES,SQL_TRIGGER,NO,NO,UPDATE
VR_DATA_SOURCE_TABLE,DELETE_VR_DATA_SOURCE_TABLE,SQL_TRIGGER,NO,NO,DELETE
WAREHOUSE,UPDATE_WAREHOUSE,SQL_TRIGGER,NO,NO,UPDATE
WBS,UPDATE_WBS,SQL_TRIGGER,NO,NO,UPDATE
WIP_BALANCE,INSERT_WIP_BALANCE,SQL_TRIGGER,NO,NO,INSERT
WIP_BALANCE,UPDATE_WIP_BALANCE,SQL_TRIGGER,NO,NO,UPDATE
WIP_ISSUE_DIST,DELETE_WIP_ISSUE_DIST,SQL_TRIGGER,NO,NO,DELETE
WIP_ISSUE_DIST,INSERT_WIP_ISSUE_DIST,SQL_TRIGGER,NO,NO,INSERT
WIP_ISSUE_DIST,UPDATE_WIP_ISSUE_DIST,SQL_TRIGGER,NO,NO,UPDATE
WIP_RECEIPT_DIST,DELETE_WIP_RECEIPT_DIST,SQL_TRIGGER,NO,NO,DELETE
WIP_RECEIPT_DIST,INSERT_WIP_RECEIPT_DIST,SQL_TRIGGER,NO,NO,INSERT
WIP_RECEIPT_DIST,UPDATE_WIP_RECEIPT_DIST,SQL_TRIGGER,NO,NO,UPDATE
WITHHOLDING,UPDATE_WITHHOLDING,SQL_TRIGGER,NO,NO,UPDATE
WORK_ORDER,DELETE_WORK_ORDER,SQL_TRIGGER,NO,NO,DELETE
WORK_ORDER,INSERT_WORK_ORDER,SQL_TRIGGER,NO,NO,INSERT
WORK_ORDER,UPDATE_WORK_ORDER,SQL_TRIGGER,NO,NO,UPDATE
WORK_ORDER_SCHED,UPDATE_WORK_ORDER_SCHED,SQL_TRIGGER,NO,NO,UPDATE
WORKFLOW,UPDATE_WORKFLOW,SQL_TRIGGER,NO,NO,UPDATE
